Stockname,Date,Open
DAX,02/01/2020,28638.9707
DAX,03/01/2020,28553.33008
DAX,06/01/2020,28465.5
DAX,07/01/2020,28639.17969
DAX,08/01/2020,28556.14063
DAX,09/01/2020,28851.9707
DAX,10/01/2020,28977.51953
DAX,13/01/2020,28869.00977
DAX,14/01/2020,28895.5
DAX,15/01/2020,28901.80078
DAX,16/01/2020,29131.94922
DAX,17/01/2020,29313.31055
DAX,21/01/2020,29269.05078
DAX,22/01/2020,29263.63086
DAX,23/01/2020,29111.01953
DAX,24/01/2020,29230.39063
DAX,27/01/2020,28542.49023
DAX,28/01/2020,28594.2793
DAX,29/01/2020,28820.5293
DAX,30/01/2020,28640.16016
DAX,31/01/2020,28813.03906
DAX,03/02/2020,28319.65039
DAX,04/02/2020,28696.74023
DAX,05/02/2020,29048.73047
DAX,06/02/2020,29388.58008
DAX,07/02/2020,29286.91992
DAX,10/02/2020,28995.66016
DAX,11/02/2020,29390.71094
DAX,12/02/2020,29406.75
DAX,13/02/2020,29436.0293
DAX,14/02/2020,29440.4707
DAX,18/02/2020,29282.7793
DAX,19/02/2020,29312.69922
DAX,20/02/2020,29296.25
DAX,21/02/2020,29146.5293
DAX,24/02/2020,28402.92969
DAX,25/02/2020,28037.65039
DAX,26/02/2020,27159.46094
DAX,27/02/2020,26526
DAX,28/02/2020,25270.83008
DAX,02/03/2020,25590.50977
DAX,03/03/2020,26762.4707
DAX,04/03/2020,26383.67969
DAX,05/03/2020,26671.91992
DAX,06/03/2020,25457.21094
DAX,09/03/2020,24992.35938
DAX,10/03/2020,24453
DAX,11/03/2020,24604.63086
DAX,12/03/2020,22184.71094
DAX,13/03/2020,21973.82031
DAX,16/03/2020,20917.5293
DAX,17/03/2020,20487.05078
DAX,18/03/2020,20188.68945
DAX,19/03/2020,19830.00977
DAX,20/03/2020,20253.15039
DAX,23/03/2020,19028.35938
DAX,24/03/2020,19722.18945
DAX,25/03/2020,21050.33984
DAX,26/03/2020,21468.38086
DAX,27/03/2020,21898.4707
DAX,30/03/2020,21678.2207
DAX,31/03/2020,22208.41992
DAX,01/04/2020,21227.38086
DAX,02/04/2020,20819.46094
DAX,03/04/2020,21285.92969
DAX,06/04/2020,21693.63086
DAX,07/04/2020,23537.43945
DAX,08/04/2020,22893.4707
DAX,09/04/2020,23690.66016
DAX,13/04/2020,23698.92969
DAX,14/04/2020,23690.57031
DAX,15/04/2020,23600.7207
DAX,16/04/2020,23543.66016
DAX,17/04/2020,23817.15039
DAX,20/04/2020,24095.09961
DAX,21/04/2020,23365.25
DAX,22/04/2020,23437.33984
DAX,23/04/2020,23543.08984
DAX,24/04/2020,23628.24023
DAX,27/04/2020,23866.15039
DAX,28/04/2020,24357.16992
DAX,29/04/2020,24490.36914
DAX,30/04/2020,24585.57031
DAX,01/05/2020,24120.7793
DAX,04/05/2020,23581.55078
DAX,05/05/2020,23958.88086
DAX,06/05/2020,23978.88086
DAX,07/05/2020,23837.21094
DAX,08/05/2020,24107.82031
DAX,11/05/2020,24256.44922
DAX,12/05/2020,24292.83984
DAX,13/05/2020,23702.16016
DAX,14/05/2020,23049.06055
DAX,15/05/2020,23454.83008
DAX,18/05/2020,24059.98047
DAX,19/05/2020,24577.48047
DAX,20/05/2020,24455.93945
DAX,21/05/2020,24564.26953
DAX,22/05/2020,24461.98047
DAX,26/05/2020,24781.83984
DAX,27/05/2020,25298.63086
DAX,28/05/2020,25697.35938
DAX,29/05/2020,25324.15039
DAX,01/06/2020,25342.99023
DAX,02/06/2020,25582.51953
DAX,03/06/2020,25906.88086
DAX,04/06/2020,26226.49023
DAX,05/06/2020,26836.80078
DAX,08/06/2020,27232.92969
DAX,09/06/2020,27447.36914
DAX,10/06/2020,27251.89063
DAX,11/06/2020,26282.50977
DAX,12/06/2020,25659.41992
DAX,15/06/2020,25270.39063
DAX,16/06/2020,26326.67969
DAX,17/06/2020,26330.51953
DAX,18/06/2020,26016.44922
DAX,19/06/2020,26213.09961
DAX,22/06/2020,25865.08008
DAX,23/06/2020,26159.39063
DAX,24/06/2020,25992.96094
DAX,25/06/2020,25365.2207
DAX,26/06/2020,25641.68945
DAX,29/06/2020,25152.44922
DAX,30/06/2020,25512.42969
DAX,01/07/2020,25879.38086
DAX,02/07/2020,25936.44922
DAX,06/07/2020,25996.08008
DAX,07/07/2020,26172.00977
DAX,08/07/2020,25950.06055
DAX,09/07/2020,26094.91992
DAX,10/07/2020,25690.34961
DAX,13/07/2020,26225.07031
DAX,14/07/2020,26044.16992
DAX,15/07/2020,27009.81055
DAX,16/07/2020,26746.57031
DAX,17/07/2020,26774.61914
DAX,20/07/2020,26660.28906
DAX,21/07/2020,26833.14063
DAX,22/07/2020,26824.56055
DAX,23/07/2020,26955.9707
DAX,24/07/2020,26533.41016
DAX,27/07/2020,26447.66992
DAX,28/07/2020,26529.44922
DAX,29/07/2020,26388.43945
DAX,30/07/2020,26367.41992
DAX,31/07/2020,26409.33008
DAX,03/08/2020,26542.32031
DAX,04/08/2020,26664.60938
DAX,05/08/2020,26924.7793
DAX,06/08/2020,27170.82031
DAX,07/08/2020,27321.67969
DAX,10/08/2020,27488.21094
DAX,11/08/2020,27961.64063
DAX,12/08/2020,27860.24023
DAX,13/08/2020,27922.50977
DAX,14/08/2020,27828.92969
DAX,17/08/2020,27970.05078
DAX,18/08/2020,27853.48047
DAX,19/08/2020,27811.25977
DAX,20/08/2020,27622.67969
DAX,21/08/2020,27758.13086
DAX,24/08/2020,28077.58008
DAX,25/08/2020,28347.41992
DAX,26/08/2020,28257.88086
DAX,27/08/2020,28384.07031
DAX,28/08/2020,28601.28906
DAX,31/08/2020,28643.66016
DAX,01/09/2020,28439.60938
DAX,02/09/2020,28736.78906
DAX,03/09/2020,29090.69922
DAX,04/09/2020,28341.05078
DAX,08/09/2020,27925.23047
DAX,09/09/2020,27711.71094
DAX,10/09/2020,28022.50977
DAX,11/09/2020,27613.85938
DAX,14/09/2020,27718.74023
DAX,15/09/2020,28139.75977
DAX,16/09/2020,28031.68945
DAX,17/09/2020,27834.17969
DAX,18/09/2020,27864.86914
DAX,21/09/2020,27484.71094
DAX,22/09/2020,27170.33984
DAX,23/09/2020,27413.59961
DAX,24/09/2020,26716.08984
DAX,25/09/2020,26694.50977
DAX,28/09/2020,27362.14063
DAX,29/09/2020,27560.24023
DAX,30/09/2020,27514.64063
DAX,01/10/2020,27940.63086
DAX,02/10/2020,27536.39063
DAX,05/10/2020,27825.41992
DAX,06/10/2020,28214.24023
DAX,07/10/2020,27971.35938
DAX,08/10/2020,28348.85938
DAX,09/10/2020,28533.60938
DAX,12/10/2020,28671.11914
DAX,13/10/2020,28764.94922
DAX,14/10/2020,28731.30078
DAX,15/10/2020,28323.40039
DAX,16/10/2020,28570.7207
DAX,19/10/2020,28633.55078
DAX,20/10/2020,28245.84961
DAX,21/10/2020,28270.66016
DAX,22/10/2020,28197.41992
DAX,23/10/2020,28409.65039
DAX,26/10/2020,28185.82031
DAX,27/10/2020,27651.17969
DAX,28/10/2020,27102.14063
DAX,29/10/2020,26480.98047
DAX,30/10/2020,26572.26953
DAX,02/11/2020,26691.2793
DAX,03/11/2020,27138.68945
DAX,04/11/2020,27512.83008
DAX,05/11/2020,28083.36914
DAX,06/11/2020,28399.13086
DAX,09/11/2020,29467.90039
DAX,10/11/2020,29254.16992
DAX,11/11/2020,29524.34961
DAX,12/11/2020,29231.91016
DAX,13/11/2020,29203.90039
DAX,16/11/2020,29672.35938
DAX,17/11/2020,29800.15039
DAX,18/11/2020,29875.40039
DAX,19/11/2020,29370.91992
DAX,20/11/2020,29437.57031
DAX,23/11/2020,29332.82031
DAX,24/11/2020,29746.10938
DAX,25/11/2020,30058.86914
DAX,27/11/2020,29911.33008
DAX,30/11/2020,29854.50977
DAX,01/12/2020,29797.5
DAX,02/12/2020,29695.08984
DAX,03/12/2020,29920.83008
DAX,04/12/2020,29989.56055
DAX,07/12/2020,30233.0293
DAX,08/12/2020,29997.94922
DAX,09/12/2020,30229.81055
DAX,10/12/2020,30032.55078
DAX,11/12/2020,29988.21094
DAX,14/12/2020,30123.91016
DAX,15/12/2020,29919.08984
DAX,16/12/2020,30191.38086
DAX,17/12/2020,30216
DAX,18/12/2020,30314.25977
DAX,21/12/2020,30159
DAX,22/12/2020,30200.19922
DAX,23/12/2020,30046.73047
DAX,24/12/2020,30155.91992
DAX,28/12/2020,30283.23047
DAX,29/12/2020,30492.07031
DAX,30/12/2020,30415.08984
DAX,31/12/2020,30417.64063
DAX,04/01/2021,30627.4707
DAX,05/01/2021,30204.25
DAX,06/01/2021,30362.7793
DAX,07/01/2021,30901.17969
DAX,08/01/2021,31069.58008
DAX,11/01/2021,31015.36914
DAX,12/01/2021,31015.00977
DAX,13/01/2021,31084.88086
DAX,14/01/2021,31085.66992
DAX,15/01/2021,30926.76953
DAX,19/01/2021,30887.41992
DAX,20/01/2021,31017.53906
DAX,21/01/2021,31198.00977
DAX,22/01/2021,31141.56055
DAX,25/01/2021,30989.84961
DAX,26/01/2021,30968.55078
DAX,27/01/2021,30893.7793
DAX,28/01/2021,30377.18945
DAX,29/01/2021,30553.91016
DAX,01/02/2021,30054.73047
DAX,02/02/2021,30276.88086
DAX,03/02/2021,30689.65039
DAX,04/02/2021,30737.7793
DAX,05/02/2021,31093.81055
DAX,08/02/2021,31191.19922
DAX,09/02/2021,31359.88086
DAX,10/02/2021,31428.01953
DAX,11/02/2021,31466.49023
DAX,12/02/2021,31420.80078
DAX,16/02/2021,31472.08008
DAX,17/02/2021,31485.60938
DAX,18/02/2021,31558.59961
DAX,19/02/2021,31504.13086
DAX,22/02/2021,31381.11914
DAX,23/02/2021,31501.89063
DAX,24/02/2021,31499.75
DAX,25/02/2021,31955.93945
DAX,26/02/2021,31401.28906
DAX,01/03/2021,31065.90039
DAX,02/03/2021,31535.36914
DAX,03/03/2021,31352.96094
DAX,04/03/2021,31289.00977
DAX,05/03/2021,31029.17969
DAX,08/03/2021,31512.15039
DAX,09/03/2021,31892.34961
DAX,10/03/2021,31906.96094
DAX,11/03/2021,32354.5
DAX,12/03/2021,32462.40039
DAX,15/03/2021,32798.83984
DAX,16/03/2021,32966.75
DAX,17/03/2021,32825.51953
DAX,18/03/2021,32928.16016
DAX,19/03/2021,32858.35938
DAX,22/03/2021,32601.82031
DAX,23/03/2021,32691.5
DAX,24/03/2021,32470.88086
DAX,25/03/2021,32346.81055
DAX,26/03/2021,32681.07031
DAX,29/03/2021,33087.55078
DAX,30/03/2021,33127.87891
DAX,31/03/2021,33116.03906
DAX,01/04/2021,33054.57813
DAX,05/04/2021,33222.37891
DAX,06/04/2021,33500.01953
DAX,07/04/2021,33444.98047
DAX,08/04/2021,33469.89063
DAX,09/04/2021,33526.19141
DAX,12/04/2021,33775.05859
DAX,13/04/2021,33721.16016
DAX,14/04/2021,33668.94922
DAX,15/04/2021,33788.53125
DAX,16/04/2021,34058.16016
DAX,19/04/2021,34182.37891
DAX,20/04/2021,34034.17969
DAX,21/04/2021,33808.30078
DAX,22/04/2021,34109.87891
DAX,23/04/2021,33804.51953
DAX,26/04/2021,34044.23047
DAX,27/04/2021,33932.12891
DAX,28/04/2021,33860.46094
DAX,29/04/2021,33855.64063
DAX,30/04/2021,33988.75
DAX,03/05/2021,33904.89063
DAX,04/05/2021,34080.19922
DAX,05/05/2021,34163.98828
DAX,06/05/2021,34245.10938
DAX,07/05/2021,34578.26953
DAX,10/05/2021,34785.26953
DAX,11/05/2021,34572.73828
DAX,12/05/2021,34206.39844
DAX,13/05/2021,33624.73828
DAX,14/05/2021,34050.85938
DAX,17/05/2021,34375.28906
DAX,18/05/2021,34351.17969
DAX,19/05/2021,33945.80859
DAX,20/05/2021,33906.30078
DAX,21/05/2021,34121.91016
DAX,24/05/2021,34253.87109
DAX,25/05/2021,34428.66016
DAX,26/05/2021,34336.33984
DAX,27/05/2021,34432.46875
DAX,28/05/2021,34558.5
DAX,01/06/2021,34584.19141
DAX,02/06/2021,34614.62109
DAX,03/06/2021,34550.30859
DAX,04/06/2021,34618.69141
DAX,07/06/2021,34766.19922
DAX,08/06/2021,34645.83984
DAX,09/06/2021,34626.16016
DAX,10/06/2021,34502.51172
DAX,11/06/2021,34499.80859
DAX,14/06/2021,34472.51953
DAX,15/06/2021,34397.10156
DAX,16/06/2021,34308.48047
DAX,17/06/2021,34014.37891
DAX,18/06/2021,33622.69922
DAX,21/06/2021,33312.07031
DAX,22/06/2021,33872.55859
DAX,23/06/2021,33948.53906
DAX,24/06/2021,33933.91016
DAX,25/06/2021,34328.10156
DAX,28/06/2021,34428.10156
DAX,29/06/2021,34338.89063
DAX,30/06/2021,34290.73828
DAX,01/07/2021,34507.32031
DAX,02/07/2021,34642.42188
DAX,06/07/2021,34790.16016
DAX,07/07/2021,34604.17188
DAX,08/07/2021,34569.01172
DAX,09/07/2021,34457.51172
DAX,12/07/2021,34836.75
DAX,13/07/2021,34959.96094
DAX,14/07/2021,34920.82813
DAX,15/07/2021,34924.80859
DAX,16/07/2021,35007.94141
DAX,19/07/2021,34528.48047
DAX,20/07/2021,33981.78906
DAX,21/07/2021,34556.96094
DAX,22/07/2021,34799.67969
DAX,23/07/2021,34855.10938
DAX,26/07/2021,35055.85938
DAX,27/07/2021,35078.89844
DAX,28/07/2021,35109.94922
DAX,29/07/2021,34985.98828
DAX,30/07/2021,35013.26172
DAX,02/08/2021,34968.55859
DAX,03/08/2021,34864.10156
DAX,04/08/2021,35047.44141
DAX,05/08/2021,34815.60938
DAX,06/08/2021,35077.44141
DAX,09/08/2021,35229.67188
DAX,10/08/2021,35135.17188
DAX,11/08/2021,35300.89063
DAX,12/08/2021,35481.94141
DAX,13/08/2021,35551.55859
DAX,16/08/2021,35490.82813
DAX,17/08/2021,35500.01172
DAX,18/08/2021,35310.19922
DAX,19/08/2021,34874.67188
DAX,20/08/2021,34917.96094
DAX,23/08/2021,35160.96875
DAX,24/08/2021,35382.71875
DAX,25/08/2021,35388.76953
DAX,26/08/2021,35449.67969
DAX,27/08/2021,35231.10938
DAX,30/08/2021,35471.80078
DAX,31/08/2021,35391.37891
DAX,01/09/2021,35387.55078
DAX,02/09/2021,35353.05859
DAX,03/09/2021,35401.73047
DAX,07/09/2021,35373.23828
DAX,08/09/2021,35087.44922
DAX,09/09/2021,35013.07813
DAX,10/09/2021,34949.58984
DAX,13/09/2021,34665.5
DAX,14/09/2021,34906.89844
DAX,15/09/2021,34580.94922
DAX,16/09/2021,34810.26953
DAX,17/09/2021,34737.85938
DAX,20/09/2021,34459.71875
DAX,21/09/2021,34025.60938
DAX,22/09/2021,34006.87109
DAX,23/09/2021,34296.30078
DAX,24/09/2021,34762.30859
DAX,27/09/2021,34739.26953
DAX,28/09/2021,34747.69922
DAX,29/09/2021,34360.07813
DAX,30/09/2021,34467.98047
DAX,01/10/2021,33930.69922
DAX,04/10/2021,34312.96094
DAX,05/10/2021,34035.25
DAX,06/10/2021,34198.96094
DAX,07/10/2021,34509.71875
DAX,08/10/2021,34757.57031
DAX,11/10/2021,34723.78906
DAX,12/10/2021,34507.14844
DAX,13/10/2021,34372.71094
DAX,14/10/2021,34443.21875
DAX,15/10/2021,35023.62891
DAX,18/10/2021,35221.01953
DAX,19/10/2021,35325.37109
DAX,20/10/2021,35475.16016
DAX,21/10/2021,35520.32031
DAX,22/10/2021,35607.71875
DAX,25/10/2021,35692.62109
DAX,26/10/2021,35791.05078
DAX,27/10/2021,35835.42969
DAX,28/10/2021,35545.41016
DAX,29/10/2021,35712.28125
DAX,01/11/2021,35833.64844
DAX,02/11/2021,35935.10938
DAX,03/11/2021,36059.08984
DAX,04/11/2021,36107.46094
DAX,05/11/2021,36268.75
DAX,08/11/2021,36416.46094
DAX,09/11/2021,36404.53125
DAX,10/11/2021,36299.25
DAX,11/11/2021,36038.78125
DAX,12/11/2021,35963.78125
DAX,15/11/2021,36128.82813
DAX,16/11/2021,36076.17969
DAX,17/11/2021,36159.69922
DAX,18/11/2021,35901.69141
DAX,19/11/2021,35879.08984
DAX,22/11/2021,35631.41016
DAX,23/11/2021,35619.92188
DAX,24/11/2021,35752.30859
DAX,26/11/2021,35366.69141
DAX,29/11/2021,35017.71094
DAX,30/11/2021,35056.98828
DAX,01/12/2021,34678.94141
DAX,02/12/2021,34076.25
DAX,03/12/2021,34692.78125
DAX,06/12/2021,34633.42969
DAX,07/12/2021,35423.98828
DAX,08/12/2021,35716.85156
DAX,09/12/2021,35722.26172
DAX,10/12/2021,35830.55078
DAX,13/12/2021,35958.92969
DAX,14/12/2021,35605.73047
DAX,15/12/2021,35549.35156
DAX,16/12/2021,36036.28125
DAX,17/12/2021,35800.10938
DAX,20/12/2021,35222.12109
DAX,21/12/2021,35069.5
DAX,22/12/2021,35491.71094
DAX,23/12/2021,35782.42188
DAX,27/12/2021,35954.48047
DAX,28/12/2021,36302.98828
DAX,29/12/2021,36421.14063
DAX,30/12/2021,36522.48047
DAX,31/12/2021,36385.85156
DOWJONES,02/01/2020,28638.9707
DOWJONES,03/01/2020,28553.33008
DOWJONES,06/01/2020,28465.5
DOWJONES,07/01/2020,28639.17969
DOWJONES,08/01/2020,28556.14063
DOWJONES,09/01/2020,28851.9707
DOWJONES,10/01/2020,28977.51953
DOWJONES,13/01/2020,28869.00977
DOWJONES,14/01/2020,28895.5
DOWJONES,15/01/2020,28901.80078
DOWJONES,16/01/2020,29131.94922
DOWJONES,17/01/2020,29313.31055
DOWJONES,21/01/2020,29269.05078
DOWJONES,22/01/2020,29263.63086
DOWJONES,23/01/2020,29111.01953
DOWJONES,24/01/2020,29230.39063
DOWJONES,27/01/2020,28542.49023
DOWJONES,28/01/2020,28594.2793
DOWJONES,29/01/2020,28820.5293
DOWJONES,30/01/2020,28640.16016
DOWJONES,31/01/2020,28813.03906
DOWJONES,03/02/2020,28319.65039
DOWJONES,04/02/2020,28696.74023
DOWJONES,05/02/2020,29048.73047
DOWJONES,06/02/2020,29388.58008
DOWJONES,07/02/2020,29286.91992
DOWJONES,10/02/2020,28995.66016
DOWJONES,11/02/2020,29390.71094
DOWJONES,12/02/2020,29406.75
DOWJONES,13/02/2020,29436.0293
DOWJONES,14/02/2020,29440.4707
DOWJONES,18/02/2020,29282.7793
DOWJONES,19/02/2020,29312.69922
DOWJONES,20/02/2020,29296.25
DOWJONES,21/02/2020,29146.5293
DOWJONES,24/02/2020,28402.92969
DOWJONES,25/02/2020,28037.65039
DOWJONES,26/02/2020,27159.46094
DOWJONES,27/02/2020,26526
DOWJONES,28/02/2020,25270.83008
DOWJONES,02/03/2020,25590.50977
DOWJONES,03/03/2020,26762.4707
DOWJONES,04/03/2020,26383.67969
DOWJONES,05/03/2020,26671.91992
DOWJONES,06/03/2020,25457.21094
DOWJONES,09/03/2020,24992.35938
DOWJONES,10/03/2020,24453
DOWJONES,11/03/2020,24604.63086
DOWJONES,12/03/2020,22184.71094
DOWJONES,13/03/2020,21973.82031
DOWJONES,16/03/2020,20917.5293
DOWJONES,17/03/2020,20487.05078
DOWJONES,18/03/2020,20188.68945
DOWJONES,19/03/2020,19830.00977
DOWJONES,20/03/2020,20253.15039
DOWJONES,23/03/2020,19028.35938
DOWJONES,24/03/2020,19722.18945
DOWJONES,25/03/2020,21050.33984
DOWJONES,26/03/2020,21468.38086
DOWJONES,27/03/2020,21898.4707
DOWJONES,30/03/2020,21678.2207
DOWJONES,31/03/2020,22208.41992
DOWJONES,01/04/2020,21227.38086
DOWJONES,02/04/2020,20819.46094
DOWJONES,03/04/2020,21285.92969
DOWJONES,06/04/2020,21693.63086
DOWJONES,07/04/2020,23537.43945
DOWJONES,08/04/2020,22893.4707
DOWJONES,09/04/2020,23690.66016
DOWJONES,13/04/2020,23698.92969
DOWJONES,14/04/2020,23690.57031
DOWJONES,15/04/2020,23600.7207
DOWJONES,16/04/2020,23543.66016
DOWJONES,17/04/2020,23817.15039
DOWJONES,20/04/2020,24095.09961
DOWJONES,21/04/2020,23365.25
DOWJONES,22/04/2020,23437.33984
DOWJONES,23/04/2020,23543.08984
DOWJONES,24/04/2020,23628.24023
DOWJONES,27/04/2020,23866.15039
DOWJONES,28/04/2020,24357.16992
DOWJONES,29/04/2020,24490.36914
DOWJONES,30/04/2020,24585.57031
DOWJONES,01/05/2020,24120.7793
DOWJONES,04/05/2020,23581.55078
DOWJONES,05/05/2020,23958.88086
DOWJONES,06/05/2020,23978.88086
DOWJONES,07/05/2020,23837.21094
DOWJONES,08/05/2020,24107.82031
DOWJONES,11/05/2020,24256.44922
DOWJONES,12/05/2020,24292.83984
DOWJONES,13/05/2020,23702.16016
DOWJONES,14/05/2020,23049.06055
DOWJONES,15/05/2020,23454.83008
DOWJONES,18/05/2020,24059.98047
DOWJONES,19/05/2020,24577.48047
DOWJONES,20/05/2020,24455.93945
DOWJONES,21/05/2020,24564.26953
DOWJONES,22/05/2020,24461.98047
DOWJONES,26/05/2020,24781.83984
DOWJONES,27/05/2020,25298.63086
DOWJONES,28/05/2020,25697.35938
DOWJONES,29/05/2020,25324.15039
DOWJONES,01/06/2020,25342.99023
DOWJONES,02/06/2020,25582.51953
DOWJONES,03/06/2020,25906.88086
DOWJONES,04/06/2020,26226.49023
DOWJONES,05/06/2020,26836.80078
DOWJONES,08/06/2020,27232.92969
DOWJONES,09/06/2020,27447.36914
DOWJONES,10/06/2020,27251.89063
DOWJONES,11/06/2020,26282.50977
DOWJONES,12/06/2020,25659.41992
DOWJONES,15/06/2020,25270.39063
DOWJONES,16/06/2020,26326.67969
DOWJONES,17/06/2020,26330.51953
DOWJONES,18/06/2020,26016.44922
DOWJONES,19/06/2020,26213.09961
DOWJONES,22/06/2020,25865.08008
DOWJONES,23/06/2020,26159.39063
DOWJONES,24/06/2020,25992.96094
DOWJONES,25/06/2020,25365.2207
DOWJONES,26/06/2020,25641.68945
DOWJONES,29/06/2020,25152.44922
DOWJONES,30/06/2020,25512.42969
DOWJONES,01/07/2020,25879.38086
DOWJONES,02/07/2020,25936.44922
DOWJONES,06/07/2020,25996.08008
DOWJONES,07/07/2020,26172.00977
DOWJONES,08/07/2020,25950.06055
DOWJONES,09/07/2020,26094.91992
DOWJONES,10/07/2020,25690.34961
DOWJONES,13/07/2020,26225.07031
DOWJONES,14/07/2020,26044.16992
DOWJONES,15/07/2020,27009.81055
DOWJONES,16/07/2020,26746.57031
DOWJONES,17/07/2020,26774.61914
DOWJONES,20/07/2020,26660.28906
DOWJONES,21/07/2020,26833.14063
DOWJONES,22/07/2020,26824.56055
DOWJONES,23/07/2020,26955.9707
DOWJONES,24/07/2020,26533.41016
DOWJONES,27/07/2020,26447.66992
DOWJONES,28/07/2020,26529.44922
DOWJONES,29/07/2020,26388.43945
DOWJONES,30/07/2020,26367.41992
DOWJONES,31/07/2020,26409.33008
DOWJONES,03/08/2020,26542.32031
DOWJONES,04/08/2020,26664.60938
DOWJONES,05/08/2020,26924.7793
DOWJONES,06/08/2020,27170.82031
DOWJONES,07/08/2020,27321.67969
DOWJONES,10/08/2020,27488.21094
DOWJONES,11/08/2020,27961.64063
DOWJONES,12/08/2020,27860.24023
DOWJONES,13/08/2020,27922.50977
DOWJONES,14/08/2020,27828.92969
DOWJONES,17/08/2020,27970.05078
DOWJONES,18/08/2020,27853.48047
DOWJONES,19/08/2020,27811.25977
DOWJONES,20/08/2020,27622.67969
DOWJONES,21/08/2020,27758.13086
DOWJONES,24/08/2020,28077.58008
DOWJONES,25/08/2020,28347.41992
DOWJONES,26/08/2020,28257.88086
DOWJONES,27/08/2020,28384.07031
DOWJONES,28/08/2020,28601.28906
DOWJONES,31/08/2020,28643.66016
DOWJONES,01/09/2020,28439.60938
DOWJONES,02/09/2020,28736.78906
DOWJONES,03/09/2020,29090.69922
DOWJONES,04/09/2020,28341.05078
DOWJONES,08/09/2020,27925.23047
DOWJONES,09/09/2020,27711.71094
DOWJONES,10/09/2020,28022.50977
DOWJONES,11/09/2020,27613.85938
DOWJONES,14/09/2020,27718.74023
DOWJONES,15/09/2020,28139.75977
DOWJONES,16/09/2020,28031.68945
DOWJONES,17/09/2020,27834.17969
DOWJONES,18/09/2020,27864.86914
DOWJONES,21/09/2020,27484.71094
DOWJONES,22/09/2020,27170.33984
DOWJONES,23/09/2020,27413.59961
DOWJONES,24/09/2020,26716.08984
DOWJONES,25/09/2020,26694.50977
DOWJONES,28/09/2020,27362.14063
DOWJONES,29/09/2020,27560.24023
DOWJONES,30/09/2020,27514.64063
DOWJONES,01/10/2020,27940.63086
DOWJONES,02/10/2020,27536.39063
DOWJONES,05/10/2020,27825.41992
DOWJONES,06/10/2020,28214.24023
DOWJONES,07/10/2020,27971.35938
DOWJONES,08/10/2020,28348.85938
DOWJONES,09/10/2020,28533.60938
DOWJONES,12/10/2020,28671.11914
DOWJONES,13/10/2020,28764.94922
DOWJONES,14/10/2020,28731.30078
DOWJONES,15/10/2020,28323.40039
DOWJONES,16/10/2020,28570.7207
DOWJONES,19/10/2020,28633.55078
DOWJONES,20/10/2020,28245.84961
DOWJONES,21/10/2020,28270.66016
DOWJONES,22/10/2020,28197.41992
DOWJONES,23/10/2020,28409.65039
DOWJONES,26/10/2020,28185.82031
DOWJONES,27/10/2020,27651.17969
DOWJONES,28/10/2020,27102.14063
DOWJONES,29/10/2020,26480.98047
DOWJONES,30/10/2020,26572.26953
DOWJONES,02/11/2020,26691.2793
DOWJONES,03/11/2020,27138.68945
DOWJONES,04/11/2020,27512.83008
DOWJONES,05/11/2020,28083.36914
DOWJONES,06/11/2020,28399.13086
DOWJONES,09/11/2020,29467.90039
DOWJONES,10/11/2020,29254.16992
DOWJONES,11/11/2020,29524.34961
DOWJONES,12/11/2020,29231.91016
DOWJONES,13/11/2020,29203.90039
DOWJONES,16/11/2020,29672.35938
DOWJONES,17/11/2020,29800.15039
DOWJONES,18/11/2020,29875.40039
DOWJONES,19/11/2020,29370.91992
DOWJONES,20/11/2020,29437.57031
DOWJONES,23/11/2020,29332.82031
DOWJONES,24/11/2020,29746.10938
DOWJONES,25/11/2020,30058.86914
DOWJONES,27/11/2020,29911.33008
DOWJONES,30/11/2020,29854.50977
DOWJONES,01/12/2020,29797.5
DOWJONES,02/12/2020,29695.08984
DOWJONES,03/12/2020,29920.83008
DOWJONES,04/12/2020,29989.56055
DOWJONES,07/12/2020,30233.0293
DOWJONES,08/12/2020,29997.94922
DOWJONES,09/12/2020,30229.81055
DOWJONES,10/12/2020,30032.55078
DOWJONES,11/12/2020,29988.21094
DOWJONES,14/12/2020,30123.91016
DOWJONES,15/12/2020,29919.08984
DOWJONES,16/12/2020,30191.38086
DOWJONES,17/12/2020,30216
DOWJONES,18/12/2020,30314.25977
DOWJONES,21/12/2020,30159
DOWJONES,22/12/2020,30200.19922
DOWJONES,23/12/2020,30046.73047
DOWJONES,24/12/2020,30155.91992
DOWJONES,28/12/2020,30283.23047
DOWJONES,29/12/2020,30492.07031
DOWJONES,30/12/2020,30415.08984
DOWJONES,31/12/2020,30417.64063
DOWJONES,04/01/2021,30627.4707
DOWJONES,05/01/2021,30204.25
DOWJONES,06/01/2021,30362.7793
DOWJONES,07/01/2021,30901.17969
DOWJONES,08/01/2021,31069.58008
DOWJONES,11/01/2021,31015.36914
DOWJONES,12/01/2021,31015.00977
DOWJONES,13/01/2021,31084.88086
DOWJONES,14/01/2021,31085.66992
DOWJONES,15/01/2021,30926.76953
DOWJONES,19/01/2021,30887.41992
DOWJONES,20/01/2021,31017.53906
DOWJONES,21/01/2021,31198.00977
DOWJONES,22/01/2021,31141.56055
DOWJONES,25/01/2021,30989.84961
DOWJONES,26/01/2021,30968.55078
DOWJONES,27/01/2021,30893.7793
DOWJONES,28/01/2021,30377.18945
DOWJONES,29/01/2021,30553.91016
DOWJONES,01/02/2021,30054.73047
DOWJONES,02/02/2021,30276.88086
DOWJONES,03/02/2021,30689.65039
DOWJONES,04/02/2021,30737.7793
DOWJONES,05/02/2021,31093.81055
DOWJONES,08/02/2021,31191.19922
DOWJONES,09/02/2021,31359.88086
DOWJONES,10/02/2021,31428.01953
DOWJONES,11/02/2021,31466.49023
DOWJONES,12/02/2021,31420.80078
DOWJONES,16/02/2021,31472.08008
DOWJONES,17/02/2021,31485.60938
DOWJONES,18/02/2021,31558.59961
DOWJONES,19/02/2021,31504.13086
DOWJONES,22/02/2021,31381.11914
DOWJONES,23/02/2021,31501.89063
DOWJONES,24/02/2021,31499.75
DOWJONES,25/02/2021,31955.93945
DOWJONES,26/02/2021,31401.28906
DOWJONES,01/03/2021,31065.90039
DOWJONES,02/03/2021,31535.36914
DOWJONES,03/03/2021,31352.96094
DOWJONES,04/03/2021,31289.00977
DOWJONES,05/03/2021,31029.17969
DOWJONES,08/03/2021,31512.15039
DOWJONES,09/03/2021,31892.34961
DOWJONES,10/03/2021,31906.96094
DOWJONES,11/03/2021,32354.5
DOWJONES,12/03/2021,32462.40039
DOWJONES,15/03/2021,32798.83984
DOWJONES,16/03/2021,32966.75
DOWJONES,17/03/2021,32825.51953
DOWJONES,18/03/2021,32928.16016
DOWJONES,19/03/2021,32858.35938
DOWJONES,22/03/2021,32601.82031
DOWJONES,23/03/2021,32691.5
DOWJONES,24/03/2021,32470.88086
DOWJONES,25/03/2021,32346.81055
DOWJONES,26/03/2021,32681.07031
DOWJONES,29/03/2021,33087.55078
DOWJONES,30/03/2021,33127.87891
DOWJONES,31/03/2021,33116.03906
DOWJONES,01/04/2021,33054.57813
DOWJONES,05/04/2021,33222.37891
DOWJONES,06/04/2021,33500.01953
DOWJONES,07/04/2021,33444.98047
DOWJONES,08/04/2021,33469.89063
DOWJONES,09/04/2021,33526.19141
DOWJONES,12/04/2021,33775.05859
DOWJONES,13/04/2021,33721.16016
DOWJONES,14/04/2021,33668.94922
DOWJONES,15/04/2021,33788.53125
DOWJONES,16/04/2021,34058.16016
DOWJONES,19/04/2021,34182.37891
DOWJONES,20/04/2021,34034.17969
DOWJONES,21/04/2021,33808.30078
DOWJONES,22/04/2021,34109.87891
DOWJONES,23/04/2021,33804.51953
DOWJONES,26/04/2021,34044.23047
DOWJONES,27/04/2021,33932.12891
DOWJONES,28/04/2021,33860.46094
DOWJONES,29/04/2021,33855.64063
DOWJONES,30/04/2021,33988.75
DOWJONES,03/05/2021,33904.89063
DOWJONES,04/05/2021,34080.19922
DOWJONES,05/05/2021,34163.98828
DOWJONES,06/05/2021,34245.10938
DOWJONES,07/05/2021,34578.26953
DOWJONES,10/05/2021,34785.26953
DOWJONES,11/05/2021,34572.73828
DOWJONES,12/05/2021,34206.39844
DOWJONES,13/05/2021,33624.73828
DOWJONES,14/05/2021,34050.85938
DOWJONES,17/05/2021,34375.28906
DOWJONES,18/05/2021,34351.17969
DOWJONES,19/05/2021,33945.80859
DOWJONES,20/05/2021,33906.30078
DOWJONES,21/05/2021,34121.91016
DOWJONES,24/05/2021,34253.87109
DOWJONES,25/05/2021,34428.66016
DOWJONES,26/05/2021,34336.33984
DOWJONES,27/05/2021,34432.46875
DOWJONES,28/05/2021,34558.5
DOWJONES,01/06/2021,34584.19141
DOWJONES,02/06/2021,34614.62109
DOWJONES,03/06/2021,34550.30859
DOWJONES,04/06/2021,34618.69141
DOWJONES,07/06/2021,34766.19922
DOWJONES,08/06/2021,34645.83984
DOWJONES,09/06/2021,34626.16016
DOWJONES,10/06/2021,34502.51172
DOWJONES,11/06/2021,34499.80859
DOWJONES,14/06/2021,34472.51953
DOWJONES,15/06/2021,34397.10156
DOWJONES,16/06/2021,34308.48047
DOWJONES,17/06/2021,34014.37891
DOWJONES,18/06/2021,33622.69922
DOWJONES,21/06/2021,33312.07031
DOWJONES,22/06/2021,33872.55859
DOWJONES,23/06/2021,33948.53906
DOWJONES,24/06/2021,33933.91016
DOWJONES,25/06/2021,34328.10156
DOWJONES,28/06/2021,34428.10156
DOWJONES,29/06/2021,34338.89063
DOWJONES,30/06/2021,34290.73828
DOWJONES,01/07/2021,34507.32031
DOWJONES,02/07/2021,34642.42188
DOWJONES,06/07/2021,34790.16016
DOWJONES,07/07/2021,34604.17188
DOWJONES,08/07/2021,34569.01172
DOWJONES,09/07/2021,34457.51172
DOWJONES,12/07/2021,34836.75
DOWJONES,13/07/2021,34959.96094
DOWJONES,14/07/2021,34920.82813
DOWJONES,15/07/2021,34924.80859
DOWJONES,16/07/2021,35007.94141
DOWJONES,19/07/2021,34528.48047
DOWJONES,20/07/2021,33981.78906
DOWJONES,21/07/2021,34556.96094
DOWJONES,22/07/2021,34799.67969
DOWJONES,23/07/2021,34855.10938
DOWJONES,26/07/2021,35055.85938
DOWJONES,27/07/2021,35078.89844
DOWJONES,28/07/2021,35109.94922
DOWJONES,29/07/2021,34985.98828
DOWJONES,30/07/2021,35013.26172
DOWJONES,02/08/2021,34968.55859
DOWJONES,03/08/2021,34864.10156
DOWJONES,04/08/2021,35047.44141
DOWJONES,05/08/2021,34815.60938
DOWJONES,06/08/2021,35077.44141
DOWJONES,09/08/2021,35229.67188
DOWJONES,10/08/2021,35135.17188
DOWJONES,11/08/2021,35300.89063
DOWJONES,12/08/2021,35481.94141
DOWJONES,13/08/2021,35551.55859
DOWJONES,16/08/2021,35490.82813
DOWJONES,17/08/2021,35500.01172
DOWJONES,18/08/2021,35310.19922
DOWJONES,19/08/2021,34874.67188
DOWJONES,20/08/2021,34917.96094
DOWJONES,23/08/2021,35160.96875
DOWJONES,24/08/2021,35382.71875
DOWJONES,25/08/2021,35388.76953
DOWJONES,26/08/2021,35449.67969
DOWJONES,27/08/2021,35231.10938
DOWJONES,30/08/2021,35471.80078
DOWJONES,31/08/2021,35391.37891
DOWJONES,01/09/2021,35387.55078
DOWJONES,02/09/2021,35353.05859
DOWJONES,03/09/2021,35401.73047
DOWJONES,07/09/2021,35373.23828
DOWJONES,08/09/2021,35087.44922
DOWJONES,09/09/2021,35013.07813
DOWJONES,10/09/2021,34949.58984
DOWJONES,13/09/2021,34665.5
DOWJONES,14/09/2021,34906.89844
DOWJONES,15/09/2021,34580.94922
DOWJONES,16/09/2021,34810.26953
DOWJONES,17/09/2021,34737.85938
DOWJONES,20/09/2021,34459.71875
DOWJONES,21/09/2021,34025.60938
DOWJONES,22/09/2021,34006.87109
DOWJONES,23/09/2021,34296.30078
DOWJONES,24/09/2021,34762.30859
DOWJONES,27/09/2021,34739.26953
DOWJONES,28/09/2021,34747.69922
DOWJONES,29/09/2021,34360.07813
DOWJONES,30/09/2021,34467.98047
DOWJONES,01/10/2021,33930.69922
DOWJONES,04/10/2021,34312.96094
DOWJONES,05/10/2021,34035.25
DOWJONES,06/10/2021,34198.96094
DOWJONES,07/10/2021,34509.71875
DOWJONES,08/10/2021,34757.57031
DOWJONES,11/10/2021,34723.78906
DOWJONES,12/10/2021,34507.14844
DOWJONES,13/10/2021,34372.71094
DOWJONES,14/10/2021,34443.21875
DOWJONES,15/10/2021,35023.62891
DOWJONES,18/10/2021,35221.01953
DOWJONES,19/10/2021,35325.37109
DOWJONES,20/10/2021,35475.16016
DOWJONES,21/10/2021,35520.32031
DOWJONES,22/10/2021,35607.71875
DOWJONES,25/10/2021,35692.62109
DOWJONES,26/10/2021,35791.05078
DOWJONES,27/10/2021,35835.42969
DOWJONES,28/10/2021,35545.41016
DOWJONES,29/10/2021,35712.28125
DOWJONES,01/11/2021,35833.64844
DOWJONES,02/11/2021,35935.10938
DOWJONES,03/11/2021,36059.08984
DOWJONES,04/11/2021,36107.46094
DOWJONES,05/11/2021,36268.75
DOWJONES,08/11/2021,36416.46094
DOWJONES,09/11/2021,36404.53125
DOWJONES,10/11/2021,36299.25
DOWJONES,11/11/2021,36038.78125
DOWJONES,12/11/2021,35963.78125
DOWJONES,15/11/2021,36128.82813
DOWJONES,16/11/2021,36076.17969
DOWJONES,17/11/2021,36159.69922
DOWJONES,18/11/2021,35901.69141
DOWJONES,19/11/2021,35879.08984
DOWJONES,22/11/2021,35631.41016
DOWJONES,23/11/2021,35619.92188
DOWJONES,24/11/2021,35752.30859
DOWJONES,26/11/2021,35366.69141
DOWJONES,29/11/2021,35017.71094
DOWJONES,30/11/2021,35056.98828
DOWJONES,01/12/2021,34678.94141
DOWJONES,02/12/2021,34076.25
DOWJONES,03/12/2021,34692.78125
DOWJONES,06/12/2021,34633.42969
DOWJONES,07/12/2021,35423.98828
DOWJONES,08/12/2021,35716.85156
DOWJONES,09/12/2021,35722.26172
DOWJONES,10/12/2021,35830.55078
DOWJONES,13/12/2021,35958.92969
DOWJONES,14/12/2021,35605.73047
DOWJONES,15/12/2021,35549.35156
DOWJONES,16/12/2021,36036.28125
DOWJONES,17/12/2021,35800.10938
DOWJONES,20/12/2021,35222.12109
DOWJONES,21/12/2021,35069.5
DOWJONES,22/12/2021,35491.71094
DOWJONES,23/12/2021,35782.42188
DOWJONES,27/12/2021,35954.48047
DOWJONES,28/12/2021,36302.98828
DOWJONES,29/12/2021,36421.14063
DOWJONES,30/12/2021,36522.48047
DOWJONES,31/12/2021,36385.85156
FTSE100,02/01/2020,7542.399902
FTSE100,03/01/2020,7604.299805
FTSE100,06/01/2020,7622.399902
FTSE100,07/01/2020,7575.299805
FTSE100,08/01/2020,7573.899902
FTSE100,09/01/2020,7574.899902
FTSE100,10/01/2020,7598.100098
FTSE100,13/01/2020,7587.899902
FTSE100,14/01/2020,7617.600098
FTSE100,15/01/2020,7622.399902
FTSE100,16/01/2020,7642.799805
FTSE100,17/01/2020,7609.799805
FTSE100,20/01/2020,7674.600098
FTSE100,21/01/2020,7651.399902
FTSE100,22/01/2020,7610.700195
FTSE100,23/01/2020,7571.899902
FTSE100,24/01/2020,7507.700195
FTSE100,27/01/2020,7586
FTSE100,28/01/2020,7412.100098
FTSE100,29/01/2020,7480.700195
FTSE100,30/01/2020,7483.600098
FTSE100,31/01/2020,7382
FTSE100,03/02/2020,7286
FTSE100,04/02/2020,7326.299805
FTSE100,05/02/2020,7439.799805
FTSE100,06/02/2020,7482.5
FTSE100,07/02/2020,7504.799805
FTSE100,10/02/2020,7466.700195
FTSE100,11/02/2020,7446.899902
FTSE100,12/02/2020,7499.399902
FTSE100,13/02/2020,7534.399902
FTSE100,14/02/2020,7452
FTSE100,17/02/2020,7409.100098
FTSE100,18/02/2020,7433.299805
FTSE100,19/02/2020,7382
FTSE100,20/02/2020,7457
FTSE100,21/02/2020,7436.600098
FTSE100,24/02/2020,7403.899902
FTSE100,25/02/2020,7156.799805
FTSE100,26/02/2020,7017.899902
FTSE100,27/02/2020,7042.5
FTSE100,28/02/2020,6796.399902
FTSE100,02/03/2020,6580.600098
FTSE100,03/03/2020,6654.899902
FTSE100,04/03/2020,6718.200195
FTSE100,05/03/2020,6815.600098
FTSE100,06/03/2020,6705.399902
FTSE100,09/03/2020,6462.600098
FTSE100,10/03/2020,5965.799805
FTSE100,11/03/2020,5960.200195
FTSE100,12/03/2020,5876.5
FTSE100,13/03/2020,5237.5
FTSE100,16/03/2020,5366.100098
FTSE100,17/03/2020,5151.100098
FTSE100,18/03/2020,5294.899902
FTSE100,19/03/2020,5080.600098
FTSE100,20/03/2020,5151.600098
FTSE100,23/03/2020,5190.799805
FTSE100,24/03/2020,4993.899902
FTSE100,25/03/2020,5446
FTSE100,26/03/2020,5688.200195
FTSE100,27/03/2020,5815.700195
FTSE100,30/03/2020,5510.299805
FTSE100,31/03/2020,5563.700195
FTSE100,01/04/2020,5672
FTSE100,02/04/2020,5454.600098
FTSE100,03/04/2020,5480.200195
FTSE100,06/04/2020,5415.5
FTSE100,07/04/2020,5582.399902
FTSE100,08/04/2020,5704.5
FTSE100,09/04/2020,5677.700195
FTSE100,14/04/2020,5842.700195
FTSE100,15/04/2020,5791.299805
FTSE100,16/04/2020,5597.700195
FTSE100,17/04/2020,5628.399902
FTSE100,20/04/2020,5787
FTSE100,21/04/2020,5812.799805
FTSE100,22/04/2020,5641
FTSE100,23/04/2020,5770.600098
FTSE100,24/04/2020,5826.600098
FTSE100,27/04/2020,5752.200195
FTSE100,28/04/2020,5846.799805
FTSE100,29/04/2020,5958.5
FTSE100,30/04/2020,6115.299805
FTSE100,01/05/2020,5901.200195
FTSE100,04/05/2020,5763.100098
FTSE100,05/05/2020,5753.799805
FTSE100,06/05/2020,5849.399902
FTSE100,07/05/2020,5853.799805
FTSE100,11/05/2020,5936
FTSE100,12/05/2020,5939.700195
FTSE100,13/05/2020,5994.799805
FTSE100,14/05/2020,5904.100098
FTSE100,15/05/2020,5741.5
FTSE100,18/05/2020,5799.799805
FTSE100,19/05/2020,6048.600098
FTSE100,20/05/2020,6002.200195
FTSE100,21/05/2020,6067.200195
FTSE100,22/05/2020,6015.299805
FTSE100,26/05/2020,5993.299805
FTSE100,27/05/2020,6067.799805
FTSE100,28/05/2020,6144.299805
FTSE100,29/05/2020,6218.799805
FTSE100,01/06/2020,6076.600098
FTSE100,02/06/2020,6166.399902
FTSE100,03/06/2020,6220.100098
FTSE100,04/06/2020,6382.399902
FTSE100,05/06/2020,6341.399902
FTSE100,08/06/2020,6484.299805
FTSE100,09/06/2020,6472.600098
FTSE100,10/06/2020,6335.700195
FTSE100,11/06/2020,6329.100098
FTSE100,12/06/2020,6076.700195
FTSE100,15/06/2020,6105.200195
FTSE100,16/06/2020,6064.700195
FTSE100,17/06/2020,6242.799805
FTSE100,18/06/2020,6253.299805
FTSE100,19/06/2020,6224.100098
FTSE100,22/06/2020,6292.600098
FTSE100,23/06/2020,6244.600098
FTSE100,24/06/2020,6320.100098
FTSE100,25/06/2020,6123.700195
FTSE100,26/06/2020,6147.100098
FTSE100,29/06/2020,6159.299805
FTSE100,30/06/2020,6225.799805
FTSE100,01/07/2020,6169.700195
FTSE100,02/07/2020,6158
FTSE100,03/07/2020,6240.399902
FTSE100,06/07/2020,6157.299805
FTSE100,07/07/2020,6285.899902
FTSE100,08/07/2020,6189.899902
FTSE100,09/07/2020,6156.200195
FTSE100,10/07/2020,6049.600098
FTSE100,13/07/2020,6095.399902
FTSE100,14/07/2020,6176.200195
FTSE100,15/07/2020,6179.799805
FTSE100,16/07/2020,6292.700195
FTSE100,17/07/2020,6250.700195
FTSE100,20/07/2020,6290.299805
FTSE100,21/07/2020,6261.5
FTSE100,22/07/2020,6269.700195
FTSE100,23/07/2020,6207.100098
FTSE100,24/07/2020,6211.399902
FTSE100,27/07/2020,6123.799805
FTSE100,28/07/2020,6104.899902
FTSE100,29/07/2020,6129.299805
FTSE100,30/07/2020,6131.5
FTSE100,31/07/2020,5990
FTSE100,03/08/2020,5897.799805
FTSE100,04/08/2020,6032.899902
FTSE100,05/08/2020,6036
FTSE100,06/08/2020,6104.700195
FTSE100,07/08/2020,6026.899902
FTSE100,10/08/2020,6032.200195
FTSE100,11/08/2020,6050.600098
FTSE100,12/08/2020,6154.299805
FTSE100,13/08/2020,6280.100098
FTSE100,14/08/2020,6185.600098
FTSE100,17/08/2020,6090
FTSE100,18/08/2020,6127.399902
FTSE100,19/08/2020,6076.600098
FTSE100,20/08/2020,6112
FTSE100,21/08/2020,6013.299805
FTSE100,24/08/2020,6001.899902
FTSE100,25/08/2020,6104.700195
FTSE100,26/08/2020,6037
FTSE100,27/08/2020,6045.600098
FTSE100,28/08/2020,6000
FTSE100,01/09/2020,5963.600098
FTSE100,02/09/2020,5862.100098
FTSE100,03/09/2020,5941
FTSE100,04/09/2020,5850.899902
FTSE100,07/09/2020,5799.100098
FTSE100,08/09/2020,5937.399902
FTSE100,09/09/2020,5930.299805
FTSE100,10/09/2020,6012.799805
FTSE100,11/09/2020,6003.299805
FTSE100,14/09/2020,6032.100098
FTSE100,15/09/2020,6026.299805
FTSE100,16/09/2020,6105.5
FTSE100,17/09/2020,6078.5
FTSE100,18/09/2020,6049.899902
FTSE100,21/09/2020,6007.100098
FTSE100,22/09/2020,5804.299805
FTSE100,23/09/2020,5829.5
FTSE100,24/09/2020,5899.299805
FTSE100,25/09/2020,5822.799805
FTSE100,28/09/2020,5842.700195
FTSE100,29/09/2020,5927.899902
FTSE100,30/09/2020,5897.5
FTSE100,01/10/2020,5866.100098
FTSE100,02/10/2020,5879.5
FTSE100,05/10/2020,5902.100098
FTSE100,06/10/2020,5942.899902
FTSE100,07/10/2020,5949.899902
FTSE100,08/10/2020,5946.299805
FTSE100,09/10/2020,5978
FTSE100,12/10/2020,6016.700195
FTSE100,13/10/2020,6001.399902
FTSE100,14/10/2020,5969.700195
FTSE100,15/10/2020,5935.100098
FTSE100,16/10/2020,5832.5
FTSE100,19/10/2020,5919.600098
FTSE100,20/10/2020,5884.700195
FTSE100,21/10/2020,5889.200195
FTSE100,22/10/2020,5776.5
FTSE100,23/10/2020,5785.700195
FTSE100,26/10/2020,5860.299805
FTSE100,27/10/2020,5792
FTSE100,28/10/2020,5729
FTSE100,29/10/2020,5582.799805
FTSE100,30/10/2020,5581.799805
FTSE100,02/11/2020,5577.299805
FTSE100,03/11/2020,5655
FTSE100,04/11/2020,5786.799805
FTSE100,05/11/2020,5883.299805
FTSE100,06/11/2020,5906.200195
FTSE100,09/11/2020,5910
FTSE100,10/11/2020,6186.299805
FTSE100,11/11/2020,6296.899902
FTSE100,12/11/2020,6382.100098
FTSE100,13/11/2020,6338.899902
FTSE100,16/11/2020,6316.399902
FTSE100,17/11/2020,6421.299805
FTSE100,18/11/2020,6365.299805
FTSE100,19/11/2020,6385.200195
FTSE100,20/11/2020,6334.399902
FTSE100,23/11/2020,6351.5
FTSE100,24/11/2020,6333.799805
FTSE100,25/11/2020,6432.200195
FTSE100,26/11/2020,6391.100098
FTSE100,27/11/2020,6362.899902
FTSE100,30/11/2020,6367.600098
FTSE100,01/12/2020,6266.200195
FTSE100,02/12/2020,6384.700195
FTSE100,03/12/2020,6463.399902
FTSE100,04/12/2020,6490.299805
FTSE100,07/12/2020,6550.200195
FTSE100,08/12/2020,6555.399902
FTSE100,09/12/2020,6558.799805
FTSE100,10/12/2020,6564.299805
FTSE100,11/12/2020,6599.799805
FTSE100,14/12/2020,6546.799805
FTSE100,15/12/2020,6531.799805
FTSE100,16/12/2020,6513.299805
FTSE100,17/12/2020,6570.899902
FTSE100,18/12/2020,6551.100098
FTSE100,21/12/2020,6529.200195
FTSE100,23/12/2020,6453.200195
FTSE100,24/12/2020,6495.799805
FTSE100,29/12/2020,6502.100098
FTSE100,30/12/2020,6602.700195
FTSE100,31/12/2020,6555.799805
FTSE100,04/01/2021,6460.5
FTSE100,05/01/2021,6571.899902
FTSE100,06/01/2021,6612.299805
FTSE100,07/01/2021,6841.899902
FTSE100,08/01/2021,6857
FTSE100,11/01/2021,6873.299805
FTSE100,12/01/2021,6798.5
FTSE100,13/01/2021,6754.100098
FTSE100,14/01/2021,6745.5
FTSE100,15/01/2021,6802
FTSE100,18/01/2021,6735.700195
FTSE100,19/01/2021,6720.700195
FTSE100,20/01/2021,6713
FTSE100,21/01/2021,6740.399902
FTSE100,22/01/2021,6715.399902
FTSE100,25/01/2021,6695.100098
FTSE100,26/01/2021,6638.899902
FTSE100,27/01/2021,6654
FTSE100,28/01/2021,6567.399902
FTSE100,29/01/2021,6526.200195
FTSE100,01/02/2021,6407.5
FTSE100,02/02/2021,6466.399902
FTSE100,03/02/2021,6516.700195
FTSE100,04/02/2021,6507.799805
FTSE100,05/02/2021,6503.700195
FTSE100,08/02/2021,6489.299805
FTSE100,09/02/2021,6523.5
FTSE100,10/02/2021,6531.600098
FTSE100,11/02/2021,6524.399902
FTSE100,12/02/2021,6528.700195
FTSE100,15/02/2021,6589.799805
FTSE100,16/02/2021,6756.100098
FTSE100,17/02/2021,6748.899902
FTSE100,18/02/2021,6710.899902
FTSE100,19/02/2021,6617.200195
FTSE100,22/02/2021,6624
FTSE100,23/02/2021,6612.200195
FTSE100,24/02/2021,6625.899902
FTSE100,25/02/2021,6659
FTSE100,26/02/2021,6652
FTSE100,01/03/2021,6483.399902
FTSE100,02/03/2021,6588.5
FTSE100,03/03/2021,6613.799805
FTSE100,04/03/2021,6675.5
FTSE100,05/03/2021,6650.899902
FTSE100,08/03/2021,6630.5
FTSE100,09/03/2021,6719.100098
FTSE100,10/03/2021,6730.299805
FTSE100,11/03/2021,6725.600098
FTSE100,12/03/2021,6737
FTSE100,15/03/2021,6761.5
FTSE100,16/03/2021,6749.700195
FTSE100,17/03/2021,6803.600098
FTSE100,18/03/2021,6762.700195
FTSE100,19/03/2021,6779.700195
FTSE100,22/03/2021,6708.700195
FTSE100,23/03/2021,6726.100098
FTSE100,24/03/2021,6699.200195
FTSE100,25/03/2021,6712.899902
FTSE100,26/03/2021,6674.799805
FTSE100,29/03/2021,6740.600098
FTSE100,30/03/2021,6736.200195
FTSE100,31/03/2021,6772.100098
FTSE100,01/04/2021,6713.600098
FTSE100,06/04/2021,6737.299805
FTSE100,07/04/2021,6823.600098
FTSE100,08/04/2021,6885.299805
FTSE100,09/04/2021,6942.200195
FTSE100,12/04/2021,6915.799805
FTSE100,13/04/2021,6889.100098
FTSE100,14/04/2021,6890.5
FTSE100,15/04/2021,6939.600098
FTSE100,16/04/2021,6983.5
FTSE100,19/04/2021,7019.5
FTSE100,20/04/2021,7000.100098
FTSE100,21/04/2021,6859.899902
FTSE100,22/04/2021,6895.299805
FTSE100,23/04/2021,6938.200195
FTSE100,26/04/2021,6938.600098
FTSE100,27/04/2021,6963.100098
FTSE100,28/04/2021,6945
FTSE100,29/04/2021,6963.700195
FTSE100,30/04/2021,6961.5
FTSE100,04/05/2021,6969.799805
FTSE100,05/05/2021,6923.200195
FTSE100,06/05/2021,7039.299805
FTSE100,07/05/2021,7076.200195
FTSE100,10/05/2021,7129.700195
FTSE100,11/05/2021,7123.700195
FTSE100,12/05/2021,6948
FTSE100,13/05/2021,7004.600098
FTSE100,14/05/2021,6963.299805
FTSE100,17/05/2021,7043.600098
FTSE100,18/05/2021,7032.899902
FTSE100,19/05/2021,7034.200195
FTSE100,20/05/2021,6950.200195
FTSE100,21/05/2021,7019.799805
FTSE100,24/05/2021,7018.100098
FTSE100,25/05/2021,7051.600098
FTSE100,26/05/2021,7029.799805
FTSE100,27/05/2021,7026.899902
FTSE100,28/05/2021,7019.700195
FTSE100,01/06/2021,7022.600098
FTSE100,02/06/2021,7080.5
FTSE100,03/06/2021,7108
FTSE100,04/06/2021,7064.399902
FTSE100,07/06/2021,7069
FTSE100,08/06/2021,7077.200195
FTSE100,09/06/2021,7095.100098
FTSE100,10/06/2021,7081
FTSE100,11/06/2021,7088.200195
FTSE100,14/06/2021,7134.100098
FTSE100,15/06/2021,7146.700195
FTSE100,16/06/2021,7172.5
FTSE100,17/06/2021,7185
FTSE100,18/06/2021,7153.399902
FTSE100,21/06/2021,7017.5
FTSE100,22/06/2021,7062.299805
FTSE100,23/06/2021,7090
FTSE100,24/06/2021,7074.100098
FTSE100,25/06/2021,7110
FTSE100,28/06/2021,7136.100098
FTSE100,29/06/2021,7073
FTSE100,30/06/2021,7087.600098
FTSE100,01/07/2021,7037.5
FTSE100,02/07/2021,7125.200195
FTSE100,05/07/2021,7123.299805
FTSE100,06/07/2021,7164.899902
FTSE100,07/07/2021,7100.899902
FTSE100,08/07/2021,7151
FTSE100,09/07/2021,7030.700195
FTSE100,12/07/2021,7121.899902
FTSE100,13/07/2021,7125.399902
FTSE100,14/07/2021,7124.700195
FTSE100,15/07/2021,7091.200195
FTSE100,16/07/2021,7012
FTSE100,19/07/2021,7008.100098
FTSE100,20/07/2021,6844.399902
FTSE100,21/07/2021,6881.100098
FTSE100,22/07/2021,6998.299805
FTSE100,23/07/2021,6968.299805
FTSE100,26/07/2021,7027.600098
FTSE100,27/07/2021,7025.399902
FTSE100,28/07/2021,6996.100098
FTSE100,29/07/2021,7016.600098
FTSE100,30/07/2021,7078.399902
FTSE100,02/08/2021,7032.299805
FTSE100,03/08/2021,7081.700195
FTSE100,04/08/2021,7105.700195
FTSE100,05/08/2021,7123.899902
FTSE100,06/08/2021,7120.399902
FTSE100,09/08/2021,7123
FTSE100,10/08/2021,7132.299805
FTSE100,11/08/2021,7161
FTSE100,12/08/2021,7220.100098
FTSE100,13/08/2021,7193.200195
FTSE100,16/08/2021,7218.700195
FTSE100,17/08/2021,7154
FTSE100,18/08/2021,7181.100098
FTSE100,19/08/2021,7169.299805
FTSE100,20/08/2021,7058.899902
FTSE100,23/08/2021,7087.899902
FTSE100,24/08/2021,7109
FTSE100,25/08/2021,7125.799805
FTSE100,26/08/2021,7150.100098
FTSE100,27/08/2021,7125
FTSE100,31/08/2021,7148
FTSE100,01/09/2021,7119.700195
FTSE100,02/09/2021,7149.799805
FTSE100,03/09/2021,7163.899902
FTSE100,06/09/2021,7138.399902
FTSE100,07/09/2021,7187.200195
FTSE100,08/09/2021,7149.399902
FTSE100,09/09/2021,7095.5
FTSE100,10/09/2021,7024.200195
FTSE100,13/09/2021,7029.200195
FTSE100,14/09/2021,7068.399902
FTSE100,15/09/2021,7034.100098
FTSE100,16/09/2021,7016.5
FTSE100,17/09/2021,7027.5
FTSE100,20/09/2021,6963.600098
FTSE100,21/09/2021,6903.899902
FTSE100,22/09/2021,6981
FTSE100,23/09/2021,7083.399902
FTSE100,24/09/2021,7078.399902
FTSE100,27/09/2021,7051.5
FTSE100,28/09/2021,7063.399902
FTSE100,29/09/2021,7028.100098
FTSE100,30/09/2021,7108.200195
FTSE100,01/10/2021,7086.399902
FTSE100,04/10/2021,7027.100098
FTSE100,05/10/2021,7011
FTSE100,06/10/2021,7077.100098
FTSE100,07/10/2021,6995.899902
FTSE100,08/10/2021,7078
FTSE100,11/10/2021,7095.600098
FTSE100,12/10/2021,7146.899902
FTSE100,13/10/2021,7130.200195
FTSE100,14/10/2021,7141.799805
FTSE100,15/10/2021,7207.700195
FTSE100,18/10/2021,7234
FTSE100,19/10/2021,7203.799805
FTSE100,20/10/2021,7217.5
FTSE100,21/10/2021,7223.100098
FTSE100,22/10/2021,7190.299805
FTSE100,25/10/2021,7204.600098
FTSE100,26/10/2021,7222.799805
FTSE100,27/10/2021,7277.600098
FTSE100,28/10/2021,7253.299805
FTSE100,29/10/2021,7249.5
FTSE100,01/11/2021,7237.600098
FTSE100,02/11/2021,7288.600098
FTSE100,03/11/2021,7274.799805
FTSE100,04/11/2021,7248.899902
FTSE100,05/11/2021,7279.899902
FTSE100,08/11/2021,7304
FTSE100,09/11/2021,7300.399902
FTSE100,10/11/2021,7274
FTSE100,11/11/2021,7340.200195
FTSE100,12/11/2021,7384.200195
FTSE100,15/11/2021,7347.899902
FTSE100,16/11/2021,7351.899902
FTSE100,17/11/2021,7327
FTSE100,18/11/2021,7291.200195
FTSE100,19/11/2021,7256
FTSE100,22/11/2021,7223.600098
FTSE100,23/11/2021,7255.5
FTSE100,24/11/2021,7266.700195
FTSE100,25/11/2021,7286.299805
FTSE100,26/11/2021,7310.399902
FTSE100,29/11/2021,7044
FTSE100,30/11/2021,7110
FTSE100,01/12/2021,7059.5
FTSE100,02/12/2021,7168.700195
FTSE100,03/12/2021,7129.200195
FTSE100,06/12/2021,7122.299805
FTSE100,07/12/2021,7232.299805
FTSE100,08/12/2021,7339.899902
FTSE100,09/12/2021,7337.100098
FTSE100,10/12/2021,7321.299805
FTSE100,13/12/2021,7291.799805
FTSE100,14/12/2021,7231.399902
FTSE100,15/12/2021,7218.600098
FTSE100,16/12/2021,7170.799805
FTSE100,17/12/2021,7260.600098
FTSE100,20/12/2021,7269.899902
FTSE100,21/12/2021,7198
FTSE100,22/12/2021,7297.399902
FTSE100,23/12/2021,7341.700195
FTSE100,24/12/2021,7373.299805
FTSE100,29/12/2021,7372.100098
FTSE100,30/12/2021,7420.700195
FTSE100,31/12/2021,7403
NASDAQ,02/01/2020,28638.9707
NASDAQ,03/01/2020,28553.33008
NASDAQ,06/01/2020,28465.5
NASDAQ,07/01/2020,28639.17969
NASDAQ,08/01/2020,28556.14063
NASDAQ,09/01/2020,28851.9707
NASDAQ,10/01/2020,28977.51953
NASDAQ,13/01/2020,28869.00977
NASDAQ,14/01/2020,28895.5
NASDAQ,15/01/2020,28901.80078
NASDAQ,16/01/2020,29131.94922
NASDAQ,17/01/2020,29313.31055
NASDAQ,21/01/2020,29269.05078
NASDAQ,22/01/2020,29263.63086
NASDAQ,23/01/2020,29111.01953
NASDAQ,24/01/2020,29230.39063
NASDAQ,27/01/2020,28542.49023
NASDAQ,28/01/2020,28594.2793
NASDAQ,29/01/2020,28820.5293
NASDAQ,30/01/2020,28640.16016
NASDAQ,31/01/2020,28813.03906
NASDAQ,03/02/2020,28319.65039
NASDAQ,04/02/2020,28696.74023
NASDAQ,05/02/2020,29048.73047
NASDAQ,06/02/2020,29388.58008
NASDAQ,07/02/2020,29286.91992
NASDAQ,10/02/2020,28995.66016
NASDAQ,11/02/2020,29390.71094
NASDAQ,12/02/2020,29406.75
NASDAQ,13/02/2020,29436.0293
NASDAQ,14/02/2020,29440.4707
NASDAQ,18/02/2020,29282.7793
NASDAQ,19/02/2020,29312.69922
NASDAQ,20/02/2020,29296.25
NASDAQ,21/02/2020,29146.5293
NASDAQ,24/02/2020,28402.92969
NASDAQ,25/02/2020,28037.65039
NASDAQ,26/02/2020,27159.46094
NASDAQ,27/02/2020,26526
NASDAQ,28/02/2020,25270.83008
NASDAQ,02/03/2020,25590.50977
NASDAQ,03/03/2020,26762.4707
NASDAQ,04/03/2020,26383.67969
NASDAQ,05/03/2020,26671.91992
NASDAQ,06/03/2020,25457.21094
NASDAQ,09/03/2020,24992.35938
NASDAQ,10/03/2020,24453
NASDAQ,11/03/2020,24604.63086
NASDAQ,12/03/2020,22184.71094
NASDAQ,13/03/2020,21973.82031
NASDAQ,16/03/2020,20917.5293
NASDAQ,17/03/2020,20487.05078
NASDAQ,18/03/2020,20188.68945
NASDAQ,19/03/2020,19830.00977
NASDAQ,20/03/2020,20253.15039
NASDAQ,23/03/2020,19028.35938
NASDAQ,24/03/2020,19722.18945
NASDAQ,25/03/2020,21050.33984
NASDAQ,26/03/2020,21468.38086
NASDAQ,27/03/2020,21898.4707
NASDAQ,30/03/2020,21678.2207
NASDAQ,31/03/2020,22208.41992
NASDAQ,01/04/2020,21227.38086
NASDAQ,02/04/2020,20819.46094
NASDAQ,03/04/2020,21285.92969
NASDAQ,06/04/2020,21693.63086
NASDAQ,07/04/2020,23537.43945
NASDAQ,08/04/2020,22893.4707
NASDAQ,09/04/2020,23690.66016
NASDAQ,13/04/2020,23698.92969
NASDAQ,14/04/2020,23690.57031
NASDAQ,15/04/2020,23600.7207
NASDAQ,16/04/2020,23543.66016
NASDAQ,17/04/2020,23817.15039
NASDAQ,20/04/2020,24095.09961
NASDAQ,21/04/2020,23365.25
NASDAQ,22/04/2020,23437.33984
NASDAQ,23/04/2020,23543.08984
NASDAQ,24/04/2020,23628.24023
NASDAQ,27/04/2020,23866.15039
NASDAQ,28/04/2020,24357.16992
NASDAQ,29/04/2020,24490.36914
NASDAQ,30/04/2020,24585.57031
NASDAQ,01/05/2020,24120.7793
NASDAQ,04/05/2020,23581.55078
NASDAQ,05/05/2020,23958.88086
NASDAQ,06/05/2020,23978.88086
NASDAQ,07/05/2020,23837.21094
NASDAQ,08/05/2020,24107.82031
NASDAQ,11/05/2020,24256.44922
NASDAQ,12/05/2020,24292.83984
NASDAQ,13/05/2020,23702.16016
NASDAQ,14/05/2020,23049.06055
NASDAQ,15/05/2020,23454.83008
NASDAQ,18/05/2020,24059.98047
NASDAQ,19/05/2020,24577.48047
NASDAQ,20/05/2020,24455.93945
NASDAQ,21/05/2020,24564.26953
NASDAQ,22/05/2020,24461.98047
NASDAQ,26/05/2020,24781.83984
NASDAQ,27/05/2020,25298.63086
NASDAQ,28/05/2020,25697.35938
NASDAQ,29/05/2020,25324.15039
NASDAQ,01/06/2020,25342.99023
NASDAQ,02/06/2020,25582.51953
NASDAQ,03/06/2020,25906.88086
NASDAQ,04/06/2020,26226.49023
NASDAQ,05/06/2020,26836.80078
NASDAQ,08/06/2020,27232.92969
NASDAQ,09/06/2020,27447.36914
NASDAQ,10/06/2020,27251.89063
NASDAQ,11/06/2020,26282.50977
NASDAQ,12/06/2020,25659.41992
NASDAQ,15/06/2020,25270.39063
NASDAQ,16/06/2020,26326.67969
NASDAQ,17/06/2020,26330.51953
NASDAQ,18/06/2020,26016.44922
NASDAQ,19/06/2020,26213.09961
NASDAQ,22/06/2020,25865.08008
NASDAQ,23/06/2020,26159.39063
NASDAQ,24/06/2020,25992.96094
NASDAQ,25/06/2020,25365.2207
NASDAQ,26/06/2020,25641.68945
NASDAQ,29/06/2020,25152.44922
NASDAQ,30/06/2020,25512.42969
NASDAQ,01/07/2020,25879.38086
NASDAQ,02/07/2020,25936.44922
NASDAQ,06/07/2020,25996.08008
NASDAQ,07/07/2020,26172.00977
NASDAQ,08/07/2020,25950.06055
NASDAQ,09/07/2020,26094.91992
NASDAQ,10/07/2020,25690.34961
NASDAQ,13/07/2020,26225.07031
NASDAQ,14/07/2020,26044.16992
NASDAQ,15/07/2020,27009.81055
NASDAQ,16/07/2020,26746.57031
NASDAQ,17/07/2020,26774.61914
NASDAQ,20/07/2020,26660.28906
NASDAQ,21/07/2020,26833.14063
NASDAQ,22/07/2020,26824.56055
NASDAQ,23/07/2020,26955.9707
NASDAQ,24/07/2020,26533.41016
NASDAQ,27/07/2020,26447.66992
NASDAQ,28/07/2020,26529.44922
NASDAQ,29/07/2020,26388.43945
NASDAQ,30/07/2020,26367.41992
NASDAQ,31/07/2020,26409.33008
NASDAQ,03/08/2020,26542.32031
NASDAQ,04/08/2020,26664.60938
NASDAQ,05/08/2020,26924.7793
NASDAQ,06/08/2020,27170.82031
NASDAQ,07/08/2020,27321.67969
NASDAQ,10/08/2020,27488.21094
NASDAQ,11/08/2020,27961.64063
NASDAQ,12/08/2020,27860.24023
NASDAQ,13/08/2020,27922.50977
NASDAQ,14/08/2020,27828.92969
NASDAQ,17/08/2020,27970.05078
NASDAQ,18/08/2020,27853.48047
NASDAQ,19/08/2020,27811.25977
NASDAQ,20/08/2020,27622.67969
NASDAQ,21/08/2020,27758.13086
NASDAQ,24/08/2020,28077.58008
NASDAQ,25/08/2020,28347.41992
NASDAQ,26/08/2020,28257.88086
NASDAQ,27/08/2020,28384.07031
NASDAQ,28/08/2020,28601.28906
NASDAQ,31/08/2020,28643.66016
NASDAQ,01/09/2020,28439.60938
NASDAQ,02/09/2020,28736.78906
NASDAQ,03/09/2020,29090.69922
NASDAQ,04/09/2020,28341.05078
NASDAQ,08/09/2020,27925.23047
NASDAQ,09/09/2020,27711.71094
NASDAQ,10/09/2020,28022.50977
NASDAQ,11/09/2020,27613.85938
NASDAQ,14/09/2020,27718.74023
NASDAQ,15/09/2020,28139.75977
NASDAQ,16/09/2020,28031.68945
NASDAQ,17/09/2020,27834.17969
NASDAQ,18/09/2020,27864.86914
NASDAQ,21/09/2020,27484.71094
NASDAQ,22/09/2020,27170.33984
NASDAQ,23/09/2020,27413.59961
NASDAQ,24/09/2020,26716.08984
NASDAQ,25/09/2020,26694.50977
NASDAQ,28/09/2020,27362.14063
NASDAQ,29/09/2020,27560.24023
NASDAQ,30/09/2020,27514.64063
NASDAQ,01/10/2020,27940.63086
NASDAQ,02/10/2020,27536.39063
NASDAQ,05/10/2020,27825.41992
NASDAQ,06/10/2020,28214.24023
NASDAQ,07/10/2020,27971.35938
NASDAQ,08/10/2020,28348.85938
NASDAQ,09/10/2020,28533.60938
NASDAQ,12/10/2020,28671.11914
NASDAQ,13/10/2020,28764.94922
NASDAQ,14/10/2020,28731.30078
NASDAQ,15/10/2020,28323.40039
NASDAQ,16/10/2020,28570.7207
NASDAQ,19/10/2020,28633.55078
NASDAQ,20/10/2020,28245.84961
NASDAQ,21/10/2020,28270.66016
NASDAQ,22/10/2020,28197.41992
NASDAQ,23/10/2020,28409.65039
NASDAQ,26/10/2020,28185.82031
NASDAQ,27/10/2020,27651.17969
NASDAQ,28/10/2020,27102.14063
NASDAQ,29/10/2020,26480.98047
NASDAQ,30/10/2020,26572.26953
NASDAQ,02/11/2020,26691.2793
NASDAQ,03/11/2020,27138.68945
NASDAQ,04/11/2020,27512.83008
NASDAQ,05/11/2020,28083.36914
NASDAQ,06/11/2020,28399.13086
NASDAQ,09/11/2020,29467.90039
NASDAQ,10/11/2020,29254.16992
NASDAQ,11/11/2020,29524.34961
NASDAQ,12/11/2020,29231.91016
NASDAQ,13/11/2020,29203.90039
NASDAQ,16/11/2020,29672.35938
NASDAQ,17/11/2020,29800.15039
NASDAQ,18/11/2020,29875.40039
NASDAQ,19/11/2020,29370.91992
NASDAQ,20/11/2020,29437.57031
NASDAQ,23/11/2020,29332.82031
NASDAQ,24/11/2020,29746.10938
NASDAQ,25/11/2020,30058.86914
NASDAQ,27/11/2020,29911.33008
NASDAQ,30/11/2020,29854.50977
NASDAQ,01/12/2020,29797.5
NASDAQ,02/12/2020,29695.08984
NASDAQ,03/12/2020,29920.83008
NASDAQ,04/12/2020,29989.56055
NASDAQ,07/12/2020,30233.0293
NASDAQ,08/12/2020,29997.94922
NASDAQ,09/12/2020,30229.81055
NASDAQ,10/12/2020,30032.55078
NASDAQ,11/12/2020,29988.21094
NASDAQ,14/12/2020,30123.91016
NASDAQ,15/12/2020,29919.08984
NASDAQ,16/12/2020,30191.38086
NASDAQ,17/12/2020,30216
NASDAQ,18/12/2020,30314.25977
NASDAQ,21/12/2020,30159
NASDAQ,22/12/2020,30200.19922
NASDAQ,23/12/2020,30046.73047
NASDAQ,24/12/2020,30155.91992
NASDAQ,28/12/2020,30283.23047
NASDAQ,29/12/2020,30492.07031
NASDAQ,30/12/2020,30415.08984
NASDAQ,31/12/2020,30417.64063
NASDAQ,04/01/2021,30627.4707
NASDAQ,05/01/2021,30204.25
NASDAQ,06/01/2021,30362.7793
NASDAQ,07/01/2021,30901.17969
NASDAQ,08/01/2021,31069.58008
NASDAQ,11/01/2021,31015.36914
NASDAQ,12/01/2021,31015.00977
NASDAQ,13/01/2021,31084.88086
NASDAQ,14/01/2021,31085.66992
NASDAQ,15/01/2021,30926.76953
NASDAQ,19/01/2021,30887.41992
NASDAQ,20/01/2021,31017.53906
NASDAQ,21/01/2021,31198.00977
NASDAQ,22/01/2021,31141.56055
NASDAQ,25/01/2021,30989.84961
NASDAQ,26/01/2021,30968.55078
NASDAQ,27/01/2021,30893.7793
NASDAQ,28/01/2021,30377.18945
NASDAQ,29/01/2021,30553.91016
NASDAQ,01/02/2021,30054.73047
NASDAQ,02/02/2021,30276.88086
NASDAQ,03/02/2021,30689.65039
NASDAQ,04/02/2021,30737.7793
NASDAQ,05/02/2021,31093.81055
NASDAQ,08/02/2021,31191.19922
NASDAQ,09/02/2021,31359.88086
NASDAQ,10/02/2021,31428.01953
NASDAQ,11/02/2021,31466.49023
NASDAQ,12/02/2021,31420.80078
NASDAQ,16/02/2021,31472.08008
NASDAQ,17/02/2021,31485.60938
NASDAQ,18/02/2021,31558.59961
NASDAQ,19/02/2021,31504.13086
NASDAQ,22/02/2021,31381.11914
NASDAQ,23/02/2021,31501.89063
NASDAQ,24/02/2021,31499.75
NASDAQ,25/02/2021,31955.93945
NASDAQ,26/02/2021,31401.28906
NASDAQ,01/03/2021,31065.90039
NASDAQ,02/03/2021,31535.36914
NASDAQ,03/03/2021,31352.96094
NASDAQ,04/03/2021,31289.00977
NASDAQ,05/03/2021,31029.17969
NASDAQ,08/03/2021,31512.15039
NASDAQ,09/03/2021,31892.34961
NASDAQ,10/03/2021,31906.96094
NASDAQ,11/03/2021,32354.5
NASDAQ,12/03/2021,32462.40039
NASDAQ,15/03/2021,32798.83984
NASDAQ,16/03/2021,32966.75
NASDAQ,17/03/2021,32825.51953
NASDAQ,18/03/2021,32928.16016
NASDAQ,19/03/2021,32858.35938
NASDAQ,22/03/2021,32601.82031
NASDAQ,23/03/2021,32691.5
NASDAQ,24/03/2021,32470.88086
NASDAQ,25/03/2021,32346.81055
NASDAQ,26/03/2021,32681.07031
NASDAQ,29/03/2021,33087.55078
NASDAQ,30/03/2021,33127.87891
NASDAQ,31/03/2021,33116.03906
NASDAQ,01/04/2021,33054.57813
NASDAQ,05/04/2021,33222.37891
NASDAQ,06/04/2021,33500.01953
NASDAQ,07/04/2021,33444.98047
NASDAQ,08/04/2021,33469.89063
NASDAQ,09/04/2021,33526.19141
NASDAQ,12/04/2021,33775.05859
NASDAQ,13/04/2021,33721.16016
NASDAQ,14/04/2021,33668.94922
NASDAQ,15/04/2021,33788.53125
NASDAQ,16/04/2021,34058.16016
NASDAQ,19/04/2021,34182.37891
NASDAQ,20/04/2021,34034.17969
NASDAQ,21/04/2021,33808.30078
NASDAQ,22/04/2021,34109.87891
NASDAQ,23/04/2021,33804.51953
NASDAQ,26/04/2021,34044.23047
NASDAQ,27/04/2021,33932.12891
NASDAQ,28/04/2021,33860.46094
NASDAQ,29/04/2021,33855.64063
NASDAQ,30/04/2021,33988.75
NASDAQ,03/05/2021,33904.89063
NASDAQ,04/05/2021,34080.19922
NASDAQ,05/05/2021,34163.98828
NASDAQ,06/05/2021,34245.10938
NASDAQ,07/05/2021,34578.26953
NASDAQ,10/05/2021,34785.26953
NASDAQ,11/05/2021,34572.73828
NASDAQ,12/05/2021,34206.39844
NASDAQ,13/05/2021,33624.73828
NASDAQ,14/05/2021,34050.85938
NASDAQ,17/05/2021,34375.28906
NASDAQ,18/05/2021,34351.17969
NASDAQ,19/05/2021,33945.80859
NASDAQ,20/05/2021,33906.30078
NASDAQ,21/05/2021,34121.91016
NASDAQ,24/05/2021,34253.87109
NASDAQ,25/05/2021,34428.66016
NASDAQ,26/05/2021,34336.33984
NASDAQ,27/05/2021,34432.46875
NASDAQ,28/05/2021,34558.5
NASDAQ,01/06/2021,34584.19141
NASDAQ,02/06/2021,34614.62109
NASDAQ,03/06/2021,34550.30859
NASDAQ,04/06/2021,34618.69141
NASDAQ,07/06/2021,34766.19922
NASDAQ,08/06/2021,34645.83984
NASDAQ,09/06/2021,34626.16016
NASDAQ,10/06/2021,34502.51172
NASDAQ,11/06/2021,34499.80859
NASDAQ,14/06/2021,34472.51953
NASDAQ,15/06/2021,34397.10156
NASDAQ,16/06/2021,34308.48047
NASDAQ,17/06/2021,34014.37891
NASDAQ,18/06/2021,33622.69922
NASDAQ,21/06/2021,33312.07031
NASDAQ,22/06/2021,33872.55859
NASDAQ,23/06/2021,33948.53906
NASDAQ,24/06/2021,33933.91016
NASDAQ,25/06/2021,34328.10156
NASDAQ,28/06/2021,34428.10156
NASDAQ,29/06/2021,34338.89063
NASDAQ,30/06/2021,34290.73828
NASDAQ,01/07/2021,34507.32031
NASDAQ,02/07/2021,34642.42188
NASDAQ,06/07/2021,34790.16016
NASDAQ,07/07/2021,34604.17188
NASDAQ,08/07/2021,34569.01172
NASDAQ,09/07/2021,34457.51172
NASDAQ,12/07/2021,34836.75
NASDAQ,13/07/2021,34959.96094
NASDAQ,14/07/2021,34920.82813
NASDAQ,15/07/2021,34924.80859
NASDAQ,16/07/2021,35007.94141
NASDAQ,19/07/2021,34528.48047
NASDAQ,20/07/2021,33981.78906
NASDAQ,21/07/2021,34556.96094
NASDAQ,22/07/2021,34799.67969
NASDAQ,23/07/2021,34855.10938
NASDAQ,26/07/2021,35055.85938
NASDAQ,27/07/2021,35078.89844
NASDAQ,28/07/2021,35109.94922
NASDAQ,29/07/2021,34985.98828
NASDAQ,30/07/2021,35013.26172
NASDAQ,02/08/2021,34968.55859
NASDAQ,03/08/2021,34864.10156
NASDAQ,04/08/2021,35047.44141
NASDAQ,05/08/2021,34815.60938
NASDAQ,06/08/2021,35077.44141
NASDAQ,09/08/2021,35229.67188
NASDAQ,10/08/2021,35135.17188
NASDAQ,11/08/2021,35300.89063
NASDAQ,12/08/2021,35481.94141
NASDAQ,13/08/2021,35551.55859
NASDAQ,16/08/2021,35490.82813
NASDAQ,17/08/2021,35500.01172
NASDAQ,18/08/2021,35310.19922
NASDAQ,19/08/2021,34874.67188
NASDAQ,20/08/2021,34917.96094
NASDAQ,23/08/2021,35160.96875
NASDAQ,24/08/2021,35382.71875
NASDAQ,25/08/2021,35388.76953
NASDAQ,26/08/2021,35449.67969
NASDAQ,27/08/2021,35231.10938
NASDAQ,30/08/2021,35471.80078
NASDAQ,31/08/2021,35391.37891
NASDAQ,01/09/2021,35387.55078
NASDAQ,02/09/2021,35353.05859
NASDAQ,03/09/2021,35401.73047
NASDAQ,07/09/2021,35373.23828
NASDAQ,08/09/2021,35087.44922
NASDAQ,09/09/2021,35013.07813
NASDAQ,10/09/2021,34949.58984
NASDAQ,13/09/2021,34665.5
NASDAQ,14/09/2021,34906.89844
NASDAQ,15/09/2021,34580.94922
NASDAQ,16/09/2021,34810.26953
NASDAQ,17/09/2021,34737.85938
NASDAQ,20/09/2021,34459.71875
NASDAQ,21/09/2021,34025.60938
NASDAQ,22/09/2021,34006.87109
NASDAQ,23/09/2021,34296.30078
NASDAQ,24/09/2021,34762.30859
NASDAQ,27/09/2021,34739.26953
NASDAQ,28/09/2021,34747.69922
NASDAQ,29/09/2021,34360.07813
NASDAQ,30/09/2021,34467.98047
NASDAQ,01/10/2021,33930.69922
NASDAQ,04/10/2021,34312.96094
NASDAQ,05/10/2021,34035.25
NASDAQ,06/10/2021,34198.96094
NASDAQ,07/10/2021,34509.71875
NASDAQ,08/10/2021,34757.57031
NASDAQ,11/10/2021,34723.78906
NASDAQ,12/10/2021,34507.14844
NASDAQ,13/10/2021,34372.71094
NASDAQ,14/10/2021,34443.21875
NASDAQ,15/10/2021,35023.62891
NASDAQ,18/10/2021,35221.01953
NASDAQ,19/10/2021,35325.37109
NASDAQ,20/10/2021,35475.16016
NASDAQ,21/10/2021,35520.32031
NASDAQ,22/10/2021,35607.71875
NASDAQ,25/10/2021,35692.62109
NASDAQ,26/10/2021,35791.05078
NASDAQ,27/10/2021,35835.42969
NASDAQ,28/10/2021,35545.41016
NASDAQ,29/10/2021,35712.28125
NASDAQ,01/11/2021,35833.64844
NASDAQ,02/11/2021,35935.10938
NASDAQ,03/11/2021,36059.08984
NASDAQ,04/11/2021,36107.46094
NASDAQ,05/11/2021,36268.75
NASDAQ,08/11/2021,36416.46094
NASDAQ,09/11/2021,36404.53125
NASDAQ,10/11/2021,36299.25
NASDAQ,11/11/2021,36038.78125
NASDAQ,12/11/2021,35963.78125
NASDAQ,15/11/2021,36128.82813
NASDAQ,16/11/2021,36076.17969
NASDAQ,17/11/2021,36159.69922
NASDAQ,18/11/2021,35901.69141
NASDAQ,19/11/2021,35879.08984
NASDAQ,22/11/2021,35631.41016
NASDAQ,23/11/2021,35619.92188
NASDAQ,24/11/2021,35752.30859
NASDAQ,26/11/2021,35366.69141
NASDAQ,29/11/2021,35017.71094
NASDAQ,30/11/2021,35056.98828
NASDAQ,01/12/2021,34678.94141
NASDAQ,02/12/2021,34076.25
NASDAQ,03/12/2021,34692.78125
NASDAQ,06/12/2021,34633.42969
NASDAQ,07/12/2021,35423.98828
NASDAQ,08/12/2021,35716.85156
NASDAQ,09/12/2021,35722.26172
NASDAQ,10/12/2021,35830.55078
NASDAQ,13/12/2021,35958.92969
NASDAQ,14/12/2021,35605.73047
NASDAQ,15/12/2021,35549.35156
NASDAQ,16/12/2021,36036.28125
NASDAQ,17/12/2021,35800.10938
NASDAQ,20/12/2021,35222.12109
NASDAQ,21/12/2021,35069.5
NASDAQ,22/12/2021,35491.71094
NASDAQ,23/12/2021,35782.42188
NASDAQ,27/12/2021,35954.48047
NASDAQ,28/12/2021,36302.98828
NASDAQ,29/12/2021,36421.14063
NASDAQ,30/12/2021,36522.48047
NASDAQ,31/12/2021,36385.85156
S&P500,02/01/2020,28638.9707
S&P500,03/01/2020,28553.33008
S&P500,06/01/2020,28465.5
S&P500,07/01/2020,28639.17969
S&P500,08/01/2020,28556.14063
S&P500,09/01/2020,28851.9707
S&P500,10/01/2020,28977.51953
S&P500,13/01/2020,28869.00977
S&P500,14/01/2020,28895.5
S&P500,15/01/2020,28901.80078
S&P500,16/01/2020,29131.94922
S&P500,17/01/2020,29313.31055
S&P500,21/01/2020,29269.05078
S&P500,22/01/2020,29263.63086
S&P500,23/01/2020,29111.01953
S&P500,24/01/2020,29230.39063
S&P500,27/01/2020,28542.49023
S&P500,28/01/2020,28594.2793
S&P500,29/01/2020,28820.5293
S&P500,30/01/2020,28640.16016
S&P500,31/01/2020,28813.03906
S&P500,03/02/2020,28319.65039
S&P500,04/02/2020,28696.74023
S&P500,05/02/2020,29048.73047
S&P500,06/02/2020,29388.58008
S&P500,07/02/2020,29286.91992
S&P500,10/02/2020,28995.66016
S&P500,11/02/2020,29390.71094
S&P500,12/02/2020,29406.75
S&P500,13/02/2020,29436.0293
S&P500,14/02/2020,29440.4707
S&P500,18/02/2020,29282.7793
S&P500,19/02/2020,29312.69922
S&P500,20/02/2020,29296.25
S&P500,21/02/2020,29146.5293
S&P500,24/02/2020,28402.92969
S&P500,25/02/2020,28037.65039
S&P500,26/02/2020,27159.46094
S&P500,27/02/2020,26526
S&P500,28/02/2020,25270.83008
S&P500,02/03/2020,25590.50977
S&P500,03/03/2020,26762.4707
S&P500,04/03/2020,26383.67969
S&P500,05/03/2020,26671.91992
S&P500,06/03/2020,25457.21094
S&P500,09/03/2020,24992.35938
S&P500,10/03/2020,24453
S&P500,11/03/2020,24604.63086
S&P500,12/03/2020,22184.71094
S&P500,13/03/2020,21973.82031
S&P500,16/03/2020,20917.5293
S&P500,17/03/2020,20487.05078
S&P500,18/03/2020,20188.68945
S&P500,19/03/2020,19830.00977
S&P500,20/03/2020,20253.15039
S&P500,23/03/2020,19028.35938
S&P500,24/03/2020,19722.18945
S&P500,25/03/2020,21050.33984
S&P500,26/03/2020,21468.38086
S&P500,27/03/2020,21898.4707
S&P500,30/03/2020,21678.2207
S&P500,31/03/2020,22208.41992
S&P500,01/04/2020,21227.38086
S&P500,02/04/2020,20819.46094
S&P500,03/04/2020,21285.92969
S&P500,06/04/2020,21693.63086
S&P500,07/04/2020,23537.43945
S&P500,08/04/2020,22893.4707
S&P500,09/04/2020,23690.66016
S&P500,13/04/2020,23698.92969
S&P500,14/04/2020,23690.57031
S&P500,15/04/2020,23600.7207
S&P500,16/04/2020,23543.66016
S&P500,17/04/2020,23817.15039
S&P500,20/04/2020,24095.09961
S&P500,21/04/2020,23365.25
S&P500,22/04/2020,23437.33984
S&P500,23/04/2020,23543.08984
S&P500,24/04/2020,23628.24023
S&P500,27/04/2020,23866.15039
S&P500,28/04/2020,24357.16992
S&P500,29/04/2020,24490.36914
S&P500,30/04/2020,24585.57031
S&P500,01/05/2020,24120.7793
S&P500,04/05/2020,23581.55078
S&P500,05/05/2020,23958.88086
S&P500,06/05/2020,23978.88086
S&P500,07/05/2020,23837.21094
S&P500,08/05/2020,24107.82031
S&P500,11/05/2020,24256.44922
S&P500,12/05/2020,24292.83984
S&P500,13/05/2020,23702.16016
S&P500,14/05/2020,23049.06055
S&P500,15/05/2020,23454.83008
S&P500,18/05/2020,24059.98047
S&P500,19/05/2020,24577.48047
S&P500,20/05/2020,24455.93945
S&P500,21/05/2020,24564.26953
S&P500,22/05/2020,24461.98047
S&P500,26/05/2020,24781.83984
S&P500,27/05/2020,25298.63086
S&P500,28/05/2020,25697.35938
S&P500,29/05/2020,25324.15039
S&P500,01/06/2020,25342.99023
S&P500,02/06/2020,25582.51953
S&P500,03/06/2020,25906.88086
S&P500,04/06/2020,26226.49023
S&P500,05/06/2020,26836.80078
S&P500,08/06/2020,27232.92969
S&P500,09/06/2020,27447.36914
S&P500,10/06/2020,27251.89063
S&P500,11/06/2020,26282.50977
S&P500,12/06/2020,25659.41992
S&P500,15/06/2020,25270.39063
S&P500,16/06/2020,26326.67969
S&P500,17/06/2020,26330.51953
S&P500,18/06/2020,26016.44922
S&P500,19/06/2020,26213.09961
S&P500,22/06/2020,25865.08008
S&P500,23/06/2020,26159.39063
S&P500,24/06/2020,25992.96094
S&P500,25/06/2020,25365.2207
S&P500,26/06/2020,25641.68945
S&P500,29/06/2020,25152.44922
S&P500,30/06/2020,25512.42969
S&P500,01/07/2020,25879.38086
S&P500,02/07/2020,25936.44922
S&P500,06/07/2020,25996.08008
S&P500,07/07/2020,26172.00977
S&P500,08/07/2020,25950.06055
S&P500,09/07/2020,26094.91992
S&P500,10/07/2020,25690.34961
S&P500,13/07/2020,26225.07031
S&P500,14/07/2020,26044.16992
S&P500,15/07/2020,27009.81055
S&P500,16/07/2020,26746.57031
S&P500,17/07/2020,26774.61914
S&P500,20/07/2020,26660.28906
S&P500,21/07/2020,26833.14063
S&P500,22/07/2020,26824.56055
S&P500,23/07/2020,26955.9707
S&P500,24/07/2020,26533.41016
S&P500,27/07/2020,26447.66992
S&P500,28/07/2020,26529.44922
S&P500,29/07/2020,26388.43945
S&P500,30/07/2020,26367.41992
S&P500,31/07/2020,26409.33008
S&P500,03/08/2020,26542.32031
S&P500,04/08/2020,26664.60938
S&P500,05/08/2020,26924.7793
S&P500,06/08/2020,27170.82031
S&P500,07/08/2020,27321.67969
S&P500,10/08/2020,27488.21094
S&P500,11/08/2020,27961.64063
S&P500,12/08/2020,27860.24023
S&P500,13/08/2020,27922.50977
S&P500,14/08/2020,27828.92969
S&P500,17/08/2020,27970.05078
S&P500,18/08/2020,27853.48047
S&P500,19/08/2020,27811.25977
S&P500,20/08/2020,27622.67969
S&P500,21/08/2020,27758.13086
S&P500,24/08/2020,28077.58008
S&P500,25/08/2020,28347.41992
S&P500,26/08/2020,28257.88086
S&P500,27/08/2020,28384.07031
S&P500,28/08/2020,28601.28906
S&P500,31/08/2020,28643.66016
S&P500,01/09/2020,28439.60938
S&P500,02/09/2020,28736.78906
S&P500,03/09/2020,29090.69922
S&P500,04/09/2020,28341.05078
S&P500,08/09/2020,27925.23047
S&P500,09/09/2020,27711.71094
S&P500,10/09/2020,28022.50977
S&P500,11/09/2020,27613.85938
S&P500,14/09/2020,27718.74023
S&P500,15/09/2020,28139.75977
S&P500,16/09/2020,28031.68945
S&P500,17/09/2020,27834.17969
S&P500,18/09/2020,27864.86914
S&P500,21/09/2020,27484.71094
S&P500,22/09/2020,27170.33984
S&P500,23/09/2020,27413.59961
S&P500,24/09/2020,26716.08984
S&P500,25/09/2020,26694.50977
S&P500,28/09/2020,27362.14063
S&P500,29/09/2020,27560.24023
S&P500,30/09/2020,27514.64063
S&P500,01/10/2020,27940.63086
S&P500,02/10/2020,27536.39063
S&P500,05/10/2020,27825.41992
S&P500,06/10/2020,28214.24023
S&P500,07/10/2020,27971.35938
S&P500,08/10/2020,28348.85938
S&P500,09/10/2020,28533.60938
S&P500,12/10/2020,28671.11914
S&P500,13/10/2020,28764.94922
S&P500,14/10/2020,28731.30078
S&P500,15/10/2020,28323.40039
S&P500,16/10/2020,28570.7207
S&P500,19/10/2020,28633.55078
S&P500,20/10/2020,28245.84961
S&P500,21/10/2020,28270.66016
S&P500,22/10/2020,28197.41992
S&P500,23/10/2020,28409.65039
S&P500,26/10/2020,28185.82031
S&P500,27/10/2020,27651.17969
S&P500,28/10/2020,27102.14063
S&P500,29/10/2020,26480.98047
S&P500,30/10/2020,26572.26953
S&P500,02/11/2020,26691.2793
S&P500,03/11/2020,27138.68945
S&P500,04/11/2020,27512.83008
S&P500,05/11/2020,28083.36914
S&P500,06/11/2020,28399.13086
S&P500,09/11/2020,29467.90039
S&P500,10/11/2020,29254.16992
S&P500,11/11/2020,29524.34961
S&P500,12/11/2020,29231.91016
S&P500,13/11/2020,29203.90039
S&P500,16/11/2020,29672.35938
S&P500,17/11/2020,29800.15039
S&P500,18/11/2020,29875.40039
S&P500,19/11/2020,29370.91992
S&P500,20/11/2020,29437.57031
S&P500,23/11/2020,29332.82031
S&P500,24/11/2020,29746.10938
S&P500,25/11/2020,30058.86914
S&P500,27/11/2020,29911.33008
S&P500,30/11/2020,29854.50977
S&P500,01/12/2020,29797.5
S&P500,02/12/2020,29695.08984
S&P500,03/12/2020,29920.83008
S&P500,04/12/2020,29989.56055
S&P500,07/12/2020,30233.0293
S&P500,08/12/2020,29997.94922
S&P500,09/12/2020,30229.81055
S&P500,10/12/2020,30032.55078
S&P500,11/12/2020,29988.21094
S&P500,14/12/2020,30123.91016
S&P500,15/12/2020,29919.08984
S&P500,16/12/2020,30191.38086
S&P500,17/12/2020,30216
S&P500,18/12/2020,30314.25977
S&P500,21/12/2020,30159
S&P500,22/12/2020,30200.19922
S&P500,23/12/2020,30046.73047
S&P500,24/12/2020,30155.91992
S&P500,28/12/2020,30283.23047
S&P500,29/12/2020,30492.07031
S&P500,30/12/2020,30415.08984
S&P500,31/12/2020,30417.64063
S&P500,04/01/2021,30627.4707
S&P500,05/01/2021,30204.25
S&P500,06/01/2021,30362.7793
S&P500,07/01/2021,30901.17969
S&P500,08/01/2021,31069.58008
S&P500,11/01/2021,31015.36914
S&P500,12/01/2021,31015.00977
S&P500,13/01/2021,31084.88086
S&P500,14/01/2021,31085.66992
S&P500,15/01/2021,30926.76953
S&P500,19/01/2021,30887.41992
S&P500,20/01/2021,31017.53906
S&P500,21/01/2021,31198.00977
S&P500,22/01/2021,31141.56055
S&P500,25/01/2021,30989.84961
S&P500,26/01/2021,30968.55078
S&P500,27/01/2021,30893.7793
S&P500,28/01/2021,30377.18945
S&P500,29/01/2021,30553.91016
S&P500,01/02/2021,30054.73047
S&P500,02/02/2021,30276.88086
S&P500,03/02/2021,30689.65039
S&P500,04/02/2021,30737.7793
S&P500,05/02/2021,31093.81055
S&P500,08/02/2021,31191.19922
S&P500,09/02/2021,31359.88086
S&P500,10/02/2021,31428.01953
S&P500,11/02/2021,31466.49023
S&P500,12/02/2021,31420.80078
S&P500,16/02/2021,31472.08008
S&P500,17/02/2021,31485.60938
S&P500,18/02/2021,31558.59961
S&P500,19/02/2021,31504.13086
S&P500,22/02/2021,31381.11914
S&P500,23/02/2021,31501.89063
S&P500,24/02/2021,31499.75
S&P500,25/02/2021,31955.93945
S&P500,26/02/2021,31401.28906
S&P500,01/03/2021,31065.90039
S&P500,02/03/2021,31535.36914
S&P500,03/03/2021,31352.96094
S&P500,04/03/2021,31289.00977
S&P500,05/03/2021,31029.17969
S&P500,08/03/2021,31512.15039
S&P500,09/03/2021,31892.34961
S&P500,10/03/2021,31906.96094
S&P500,11/03/2021,32354.5
S&P500,12/03/2021,32462.40039
S&P500,15/03/2021,32798.83984
S&P500,16/03/2021,32966.75
S&P500,17/03/2021,32825.51953
S&P500,18/03/2021,32928.16016
S&P500,19/03/2021,32858.35938
S&P500,22/03/2021,32601.82031
S&P500,23/03/2021,32691.5
S&P500,24/03/2021,32470.88086
S&P500,25/03/2021,32346.81055
S&P500,26/03/2021,32681.07031
S&P500,29/03/2021,33087.55078
S&P500,30/03/2021,33127.87891
S&P500,31/03/2021,33116.03906
S&P500,01/04/2021,33054.57813
S&P500,05/04/2021,33222.37891
S&P500,06/04/2021,33500.01953
S&P500,07/04/2021,33444.98047
S&P500,08/04/2021,33469.89063
S&P500,09/04/2021,33526.19141
S&P500,12/04/2021,33775.05859
S&P500,13/04/2021,33721.16016
S&P500,14/04/2021,33668.94922
S&P500,15/04/2021,33788.53125
S&P500,16/04/2021,34058.16016
S&P500,19/04/2021,34182.37891
S&P500,20/04/2021,34034.17969
S&P500,21/04/2021,33808.30078
S&P500,22/04/2021,34109.87891
S&P500,23/04/2021,33804.51953
S&P500,26/04/2021,34044.23047
S&P500,27/04/2021,33932.12891
S&P500,28/04/2021,33860.46094
S&P500,29/04/2021,33855.64063
S&P500,30/04/2021,33988.75
S&P500,03/05/2021,33904.89063
S&P500,04/05/2021,34080.19922
S&P500,05/05/2021,34163.98828
S&P500,06/05/2021,34245.10938
S&P500,07/05/2021,34578.26953
S&P500,10/05/2021,34785.26953
S&P500,11/05/2021,34572.73828
S&P500,12/05/2021,34206.39844
S&P500,13/05/2021,33624.73828
S&P500,14/05/2021,34050.85938
S&P500,17/05/2021,34375.28906
S&P500,18/05/2021,34351.17969
S&P500,19/05/2021,33945.80859
S&P500,20/05/2021,33906.30078
S&P500,21/05/2021,34121.91016
S&P500,24/05/2021,34253.87109
S&P500,25/05/2021,34428.66016
S&P500,26/05/2021,34336.33984
S&P500,27/05/2021,34432.46875
S&P500,28/05/2021,34558.5
S&P500,01/06/2021,34584.19141
S&P500,02/06/2021,34614.62109
S&P500,03/06/2021,34550.30859
S&P500,04/06/2021,34618.69141
S&P500,07/06/2021,34766.19922
S&P500,08/06/2021,34645.83984
S&P500,09/06/2021,34626.16016
S&P500,10/06/2021,34502.51172
S&P500,11/06/2021,34499.80859
S&P500,14/06/2021,34472.51953
S&P500,15/06/2021,34397.10156
S&P500,16/06/2021,34308.48047
S&P500,17/06/2021,34014.37891
S&P500,18/06/2021,33622.69922
S&P500,21/06/2021,33312.07031
S&P500,22/06/2021,33872.55859
S&P500,23/06/2021,33948.53906
S&P500,24/06/2021,33933.91016
S&P500,25/06/2021,34328.10156
S&P500,28/06/2021,34428.10156
S&P500,29/06/2021,34338.89063
S&P500,30/06/2021,34290.73828
S&P500,01/07/2021,34507.32031
S&P500,02/07/2021,34642.42188
S&P500,06/07/2021,34790.16016
S&P500,07/07/2021,34604.17188
S&P500,08/07/2021,34569.01172
S&P500,09/07/2021,34457.51172
S&P500,12/07/2021,34836.75
S&P500,13/07/2021,34959.96094
S&P500,14/07/2021,34920.82813
S&P500,15/07/2021,34924.80859
S&P500,16/07/2021,35007.94141
S&P500,19/07/2021,34528.48047
S&P500,20/07/2021,33981.78906
S&P500,21/07/2021,34556.96094
S&P500,22/07/2021,34799.67969
S&P500,23/07/2021,34855.10938
S&P500,26/07/2021,35055.85938
S&P500,27/07/2021,35078.89844
S&P500,28/07/2021,35109.94922
S&P500,29/07/2021,34985.98828
S&P500,30/07/2021,35013.26172
S&P500,02/08/2021,34968.55859
S&P500,03/08/2021,34864.10156
S&P500,04/08/2021,35047.44141
S&P500,05/08/2021,34815.60938
S&P500,06/08/2021,35077.44141
S&P500,09/08/2021,35229.67188
S&P500,10/08/2021,35135.17188
S&P500,11/08/2021,35300.89063
S&P500,12/08/2021,35481.94141
S&P500,13/08/2021,35551.55859
S&P500,16/08/2021,35490.82813
S&P500,17/08/2021,35500.01172
S&P500,18/08/2021,35310.19922
S&P500,19/08/2021,34874.67188
S&P500,20/08/2021,34917.96094
S&P500,23/08/2021,35160.96875
S&P500,24/08/2021,35382.71875
S&P500,25/08/2021,35388.76953
S&P500,26/08/2021,35449.67969
S&P500,27/08/2021,35231.10938
S&P500,30/08/2021,35471.80078
S&P500,31/08/2021,35391.37891
S&P500,01/09/2021,35387.55078
S&P500,02/09/2021,35353.05859
S&P500,03/09/2021,35401.73047
S&P500,07/09/2021,35373.23828
S&P500,08/09/2021,35087.44922
S&P500,09/09/2021,35013.07813
S&P500,10/09/2021,34949.58984
S&P500,13/09/2021,34665.5
S&P500,14/09/2021,34906.89844
S&P500,15/09/2021,34580.94922
S&P500,16/09/2021,34810.26953
S&P500,17/09/2021,34737.85938
S&P500,20/09/2021,34459.71875
S&P500,21/09/2021,34025.60938
S&P500,22/09/2021,34006.87109
S&P500,23/09/2021,34296.30078
S&P500,24/09/2021,34762.30859
S&P500,27/09/2021,34739.26953
S&P500,28/09/2021,34747.69922
S&P500,29/09/2021,34360.07813
S&P500,30/09/2021,34467.98047
S&P500,01/10/2021,33930.69922
S&P500,04/10/2021,34312.96094
S&P500,05/10/2021,34035.25
S&P500,06/10/2021,34198.96094
S&P500,07/10/2021,34509.71875
S&P500,08/10/2021,34757.57031
S&P500,11/10/2021,34723.78906
S&P500,12/10/2021,34507.14844
S&P500,13/10/2021,34372.71094
S&P500,14/10/2021,34443.21875
S&P500,15/10/2021,35023.62891
S&P500,18/10/2021,35221.01953
S&P500,19/10/2021,35325.37109
S&P500,20/10/2021,35475.16016
S&P500,21/10/2021,35520.32031
S&P500,22/10/2021,35607.71875
S&P500,25/10/2021,35692.62109
S&P500,26/10/2021,35791.05078
S&P500,27/10/2021,35835.42969
S&P500,28/10/2021,35545.41016
S&P500,29/10/2021,35712.28125
S&P500,01/11/2021,35833.64844
S&P500,02/11/2021,35935.10938
S&P500,03/11/2021,36059.08984
S&P500,04/11/2021,36107.46094
S&P500,05/11/2021,36268.75
S&P500,08/11/2021,36416.46094
S&P500,09/11/2021,36404.53125
S&P500,10/11/2021,36299.25
S&P500,11/11/2021,36038.78125
S&P500,12/11/2021,35963.78125
S&P500,15/11/2021,36128.82813
S&P500,16/11/2021,36076.17969
S&P500,17/11/2021,36159.69922
S&P500,18/11/2021,35901.69141
S&P500,19/11/2021,35879.08984
S&P500,22/11/2021,35631.41016
S&P500,23/11/2021,35619.92188
S&P500,24/11/2021,35752.30859
S&P500,26/11/2021,35366.69141
S&P500,29/11/2021,35017.71094
S&P500,30/11/2021,35056.98828
S&P500,01/12/2021,34678.94141
S&P500,02/12/2021,34076.25
S&P500,03/12/2021,34692.78125
S&P500,06/12/2021,34633.42969
S&P500,07/12/2021,35423.98828
S&P500,08/12/2021,35716.85156
S&P500,09/12/2021,35722.26172
S&P500,10/12/2021,35830.55078
S&P500,13/12/2021,35958.92969
S&P500,14/12/2021,35605.73047
S&P500,15/12/2021,35549.35156
S&P500,16/12/2021,36036.28125
S&P500,17/12/2021,35800.10938
S&P500,20/12/2021,35222.12109
S&P500,21/12/2021,35069.5
S&P500,22/12/2021,35491.71094
S&P500,23/12/2021,35782.42188
S&P500,27/12/2021,35954.48047
S&P500,28/12/2021,36302.98828
S&P500,29/12/2021,36421.14063
S&P500,30/12/2021,36522.48047
S&P500,31/12/2021,36385.85156